year,month,day,day_number,tmax,tmin
2000,01,01,1,7.2,-1.7
2000,01,02,2,12.8,-1.7
2000,01,03,3,19.4,10.0
2000,01,04,4,17.8,11.1
2000,01,05,5,15.0,-2.2
2000,01,06,6,-0.6,-6.7
2000,01,07,7,6.1,-5.6
2000,01,08,8,4.4,-7.2
2000,01,09,9,3.3,-6.1
2000,01,10,10,8.9,1.7
2000,01,11,11,13.3,5.6
2000,01,12,12,6.7,-2.2
2000,01,13,13,6.1,-2.8
2000,01,14,14,3.3,-10.6
2000,01,15,15,-6.1,-10.6
2000,01,16,16,7.8,-8.9
2000,01,17,17,8.3,-13.3
2000,01,18,18,-8.3,-13.9
2000,01,19,19,-3.3,-10.0
2000,01,20,20,-1.7,-5.0
2000,01,21,21,-3.9,-13.9
2000,01,22,22,-11.1,-17.8
2000,01,23,23,-7.2,-17.8
2000,01,24,24,-0.6,-7.2
2000,01,25,25,-4.4,-12.8
2000,01,26,26,-7.2,-12.8
2000,01,27,27,-5.6,-14.4
2000,01,28,28,-9.4,-14.4
2000,01,29,29,-7.8,-15.6
2000,01,30,30,0.0,-14.4
2000,01,31,31,0.6,-6.7
2000,02,01,32,-3.3,-6.7
2000,02,02,33,-3.3,-7.8
2000,02,03,34,-3.3,-9.4
2000,02,04,35,-0.6,-3.3
2000,02,05,36,-0.6,-8.3
2000,02,06,37,-1.7,-7.2
2000,02,07,38,0.0,-7.2
2000,02,08,39,2.2,-10.0
2000,02,09,40,3.3,-10.6
2000,02,10,41,10.0,0.0
2000,02,11,42,10.0,2.8
2000,02,12,43,6.7,-8.3
2000,02,13,44,1.1,-8.3
2000,02,14,45,6.7,-2.8
2000,02,15,46,8.9,-3.9
2000,02,16,47,7.2,-3.9
2000,02,17,48,8.9,-6.1
2000,02,18,49,0.6,-6.1
2000,02,19,50,4.4,-2.2
2000,02,20,51,-1.7,-2.8
2000,02,21,52,-0.6,-2.2
2000,02,22,53,7.8,-2.2
2000,02,23,54,13.9,1.1
2000,02,24,55,17.8,7.8
2000,02,25,56,20.0,11.1
2000,02,26,57,21.7,12.8
2000,02,27,58,23.9,13.9
2000,02,28,59,16.1,1.7
2000,02,29,60,10.0,-2.2
2000,03,01,61,13.3,-2.2
2000,03,02,62,14.4,1.7
2000,03,03,63,2.2,-3.9
2000,03,04,64,7.8,-4.4
2000,03,05,65,11.1,-3.3
2000,03,06,66,14.4,0.6
2000,03,07,67,15.6,1.1
2000,03,08,68,22.8,7.8
2000,03,09,69,25.0,15.0
2000,03,10,70,22.2,5.0
2000,03,11,71,10.6,0.0
2000,03,12,72,3.3,-2.2
2000,03,13,73,1.7,-3.9
2000,03,14,74,6.7,-2.8
2000,03,15,75,13.3,0.6
2000,03,16,76,19.4,6.1
2000,03,17,77,11.7,-2.2
2000,03,18,78,1.7,-7.2
2000,03,19,79,7.8,-6.1
2000,03,20,80,14.4,1.7
2000,03,21,81,8.3,2.8
2000,03,22,82,5.6,1.7
2000,03,23,83,11.1,2.2
2000,03,24,84,13.9,4.4
2000,03,25,85,21.7,3.9
2000,03,26,86,23.3,6.7
2000,03,27,87,13.9,5.0
2000,03,28,88,12.8,2.8
2000,03,29,89,9.4,0.6
2000,03,30,90,10.6,1.7
2000,03,31,91,11.1,-1.7
2000,04,01,92,13.9,-1.1
2000,04,02,93,20.0,3.9
2000,04,03,94,15.6,9.4
2000,04,04,95,19.4,8.3
2000,04,05,96,8.3,-1.7
2000,04,06,97,10.6,-1.7
2000,04,07,98,18.9,5.6
2000,04,08,99,12.2,5.6
2000,04,09,100,9.4,-3.3
2000,04,10,101,4.4,-2.2
2000,04,11,102,10.6,0.6
2000,04,12,103,9.4,0.0
2000,04,13,104,6.1,-2.2
2000,04,14,105,12.8,-2.2
2000,04,15,106,22.8,2.2
2000,04,16,107,24.4,12.2
2000,04,17,108,24.4,12.8
2000,04,18,109,20.6,7.2
2000,04,19,110,12.8,7.2
2000,04,20,111,13.9,7.8
2000,04,21,112,25.0,8.3
2000,04,22,113,15.0,5.6
2000,04,23,114,8.3,5.6
2000,04,24,115,13.9,5.6
2000,04,25,116,17.8,6.7
2000,04,26,117,17.8,2.8
2000,04,27,118,13.9,0.6
2000,04,28,119,13.9,0.6
2000,04,29,120,18.9,4.4
2000,04,30,121,20.0,5.6
2000,05,01,122,19.4,6.1
2000,05,02,123,22.8,7.2
2000,05,03,124,16.7,5.6
2000,05,04,125,24.4,6.1
2000,05,05,126,24.4,13.3
2000,05,06,127,27.8,17.2
2000,05,07,128,28.9,18.3
2000,05,08,129,29.4,18.9
2000,05,09,130,27.8,18.3
2000,05,10,131,26.1,18.3
2000,05,11,132,21.7,6.7
2000,05,12,133,22.2,7.8
2000,05,13,134,28.3,21.1
2000,05,14,135,24.4,7.8
2000,05,15,136,16.7,6.1
2000,05,16,137,16.7,4.4
2000,05,17,138,19.4,4.4
2000,05,18,139,25.0,10.6
2000,05,19,140,27.8,15.0
2000,05,20,141,24.4,11.7
2000,05,21,142,14.4,10.0
2000,05,22,143,18.3,10.6
2000,05,23,144,21.1,11.7
2000,05,24,145,20.0,12.8
2000,05,25,146,25.6,13.9
2000,05,26,147,21.1,10.6
2000,05,27,148,21.7,10.6
2000,05,28,149,15.0,11.1
2000,05,29,150,13.9,11.1
2000,05,30,151,18.9,7.8
2000,05,31,152,21.7,7.8
2000,06,01,153,27.8,11.7
2000,06,02,154,28.9,20.6
2000,06,03,155,29.4,9.4
2000,06,04,156,18.3,7.8
2000,06,05,157,21.1,10.0
2000,06,06,158,20.0,13.3
2000,06,07,159,13.9,7.8
2000,06,08,160,22.8,8.9
2000,06,09,161,25.0,13.3
2000,06,10,162,28.9,18.3
2000,06,11,163,30.0,21.1
2000,06,12,164,30.0,18.9
2000,06,13,165,27.8,19.4
2000,06,14,166,29.4,19.4
2000,06,15,167,30.6,18.3
2000,06,16,168,25.6,19.4
2000,06,17,169,28.3,18.3
2000,06,18,170,24.4,17.8
2000,06,19,171,23.9,11.1
2000,06,20,172,23.3,11.1
2000,06,21,173,27.8,11.7
2000,06,22,174,28.3,18.9
2000,06,23,175,26.7,17.2
2000,06,24,176,25.6,16.1
2000,06,25,177,30.0,17.8
2000,06,26,178,27.2,20.0
2000,06,27,179,28.3,20.0
2000,06,28,180,23.9,16.1
2000,06,29,181,25.0,13.3
2000,06,30,182,23.3,12.2
2000,07,01,183,23.3,11.7
2000,07,02,184,25.6,14.4
2000,07,03,185,27.2,15.0
2000,07,04,186,21.7,17.8
2000,07,05,187,27.2,15.0
2000,07,06,188,26.1,13.3
2000,07,07,189,26.1,13.3
2000,07,08,190,22.8,10.6
2000,07,09,191,25.6,11.7
2000,07,10,192,28.3,20.6
2000,07,11,193,26.7,18.9
2000,07,12,194,26.1,14.4
2000,07,13,195,26.7,15.0
2000,07,14,196,27.8,15.6
2000,07,15,197,27.8,14.4
2000,07,16,198,22.2,14.4
2000,07,17,199,23.9,15.6
2000,07,18,200,26.7,15.6
2000,07,19,201,26.1,15.0
2000,07,20,202,16.7,11.7
2000,07,21,203,22.8,11.7
2000,07,22,204,24.4,13.3
2000,07,23,205,22.2,11.7
2000,07,24,206,23.3,12.8
2000,07,25,207,22.2,12.8
2000,07,26,208,25.6,13.3
2000,07,27,209,25.6,14.4
2000,07,28,210,27.8,15.0
2000,07,29,211,29.4,16.7
2000,07,30,212,22.8,17.2
2000,07,31,213,29.4,18.9
2000,09,01,214,26.7,17.8
2000,09,02,215,30.0,19.4
2000,09,03,216,30.6,17.8
2000,09,04,217,27.8,17.8
2000,09,05,218,24.4,10.0
2000,09,06,219,18.9,6.7
2000,09,07,220,22.2,6.7
2000,09,08,221,24.4,7.8
2000,09,09,222,25.0,14.4
2000,09,10,223,27.2,17.2
2000,09,11,224,30.6,17.2
2000,09,12,225,27.8,19.4
2000,09,13,226,27.8,15.0
2000,09,14,227,22.8,10.0
2000,09,15,228,24.4,10.0
2000,09,16,229,17.2,8.3
2000,09,17,230,15.0,5.0
2000,09,18,231,20.0,6.7
2000,09,19,232,23.3,8.3
2000,09,20,233,21.7,12.2
2000,09,21,234,28.3,12.2
2000,09,22,235,17.2,6.1
2000,09,23,236,22.2,5.6
2000,09,24,237,25.6,15.6
2000,09,25,238,15.6,8.3
2000,09,26,239,12.8,6.1
2000,09,27,240,12.2,6.1
2000,09,28,241,18.3,6.7
2000,09,29,242,13.9,1.7
2000,09,30,243,17.8,1.7
2000,10,01,244,21.7,7.8
2000,10,02,245,22.2,9.4
2000,10,03,246,24.4,10.0
2000,10,04,247,24.4,14.4
2000,10,05,248,26.1,12.2
2000,10,06,249,22.2,12.8
2000,10,07,250,15.6,1.7
2000,10,08,251,8.9,-0.6
2000,10,09,252,5.6,-0.6
2000,10,10,253,6.1,1.7
2000,10,11,254,14.4,4.4
2000,10,12,255,17.2,3.9
2000,10,13,256,19.4,6.7
2000,10,14,257,21.7,7.2
2000,10,15,258,23.3,7.8
2000,10,16,259,21.7,15.0
2000,10,17,260,18.3,11.1
2000,10,18,261,14.4,11.1
2000,10,19,262,15.6,8.3
2000,10,20,263,18.3,7.8
2000,10,21,264,21.7,7.2
2000,10,22,265,22.2,8.9
2000,10,23,266,20.6,7.2
2000,10,24,267,21.7,6.1
2000,10,25,268,15.0,12.2
2000,10,26,269,21.7,11.7
2000,10,27,270,23.3,11.7
2000,10,28,271,23.3,12.2
2000,10,29,272,12.8,-2.2
2000,10,30,273,11.1,-1.7
2000,10,31,274,13.9,0.0
2000,11,01,275,12.8,-0.6
2000,11,02,276,15.6,0.6
2000,11,03,277,18.9,1.7
2000,11,04,278,20.0,7.2
2000,11,05,279,11.7,2.2
2000,11,06,280,10.0,-1.7
2000,11,07,281,12.2,-1.7
2000,11,08,282,13.9,6.1
2000,11,09,283,20.0,10.0
2000,11,10,284,20.0,5.6
2000,11,11,285,6.7,5.0
2000,11,12,286,8.9,2.2
2000,11,13,287,6.7,0.0
2000,11,14,288,11.1,0.0
2000,11,15,289,3.9,-1.1
2000,11,16,290,1.7,-3.3
2000,11,17,291,6.7,-2.8
2000,11,18,292,0.6,-2.8
2000,11,19,293,-0.6,-3.3
2000,11,20,294,2.2,-3.3
2000,11,21,295,0.6,-5.6
2000,11,22,296,-4.4,-10.6
2000,11,23,297,-3.3,-10.6
2000,11,24,298,-1.7,-8.9
2000,11,25,299,5.6,-6.1
2000,11,26,300,6.1,-0.6
2000,11,27,301,8.3,2.8
2000,11,28,302,3.9,2.2
2000,11,29,303,2.2,-1.7
2000,11,30,304,3.3,-2.2
2000,12,01,305,1.7,-1.7
2000,12,02,306,2.2,-6.1
2000,12,03,307,-2.2,-9.4
2000,12,04,308,-0.6,-10.0
2000,12,05,309,4.4,-8.9
2000,12,06,310,1.1,-10.0
2000,12,07,311,-4.4,-10.6
2000,12,08,312,1.7,-6.1
2000,12,09,313,1.1,-8.9
2000,12,10,314,-1.1,-8.9
2000,12,11,315,2.8,-4.4
2000,12,12,316,11.1,-3.9
2000,12,13,317,-2.8,-11.1
2000,12,14,318,4.4,-10.6
2000,12,15,319,4.4,-3.3
2000,12,16,320,3.3,-2.8
2000,12,17,321,12.2,2.8
2000,12,18,322,2.8,-11.7
2000,12,19,323,-2.8,-11.7
2000,12,20,324,-2.2,-13.3
2000,12,21,325,-7.2,-12.2
2000,12,22,326,-1.7,-13.3
2000,12,23,327,-12.2,-16.7
2000,12,24,328,-3.3,-15.6
2000,12,25,329,-3.3,-15.0
2000,12,26,330,-8.9,-15.6
2000,12,27,331,-7.2,-16.7
2000,12,28,332,-6.7,-12.2
2000,12,29,333,-8.3,-13.9
2000,12,30,334,-5.0,-12.8
2000,12,31,335,-7.2,-9.4
2001,01,01,336,-5.6,-7.2
2001,01,02,337,-5.0,-10.6
2001,01,03,338,-5.6,-11.7
2001,01,04,339,-5.0,-12.2
2001,01,05,340,-3.3,-6.1
2001,01,06,341,0.6,-3.3
2001,01,07,342,1.7,-2.2
2001,01,08,343,6.1,-2.2
2001,01,09,344,-1.1,-9.4
2001,01,10,345,-6.1,-11.7
2001,01,11,346,1.7,-8.3
2001,01,12,347,5.6,-2.2
2001,01,13,348,6.1,-3.3
2001,01,14,349,8.3,-1.7
2001,01,15,350,8.3,-1.1
2001,01,16,351,7.2,0.0
2001,01,17,352,0.6,-1.7
2001,01,18,353,-1.7,-2.8
2001,01,19,354,1.7,-2.2
2001,01,20,355,0.0,-5.0
2001,01,21,356,-3.9,-11.1
2001,01,22,357,-6.7,-10.6
2001,01,23,358,-2.2,-9.4
2001,01,24,359,1.7,-8.9
2001,01,25,360,1.1,-5.0
2001,01,26,361,-3.9,-12.2
2001,01,27,362,1.7,-11.7
2001,01,28,363,-1.7,-8.9
2001,01,29,364,-0.6,-8.3
2001,01,30,365,7.8,-3.3
2001,01,31,366,8.9,0.6
2001,02,01,367,1.1,0.0
2001,02,02,368,1.7,-1.7
2001,02,03,369,-0.6,-11.7
2001,02,04,370,-1.1,-11.7
2001,02,05,371,6.7,-1.1
2001,02,06,372,5.6,-1.1
2001,02,07,373,4.4,-1.1
2001,02,08,374,5.0,-2.8
2001,02,09,375,17.2,-0.6
2001,02,10,376,20.0,-0.6
2001,02,11,377,1.1,-8.9
2001,02,12,378,-1.7,-8.3
2001,02,13,379,8.3,-3.9
2001,02,14,380,9.4,3.9
2001,02,15,381,13.3,1.7
2001,02,16,382,5.6,1.7
2001,02,17,383,6.7,-5.6
2001,02,18,384,-4.4,-8.9
2001,02,19,385,-2.8,-9.4
2001,02,20,386,8.3,-7.2
2001,02,21,387,11.7,-3.3
2001,02,22,388,-1.7,-10.6
2001,02,23,389,-2.8,-10.0
2001,02,24,390,3.3,-4.4
2001,02,25,391,11.7,-3.9
2001,02,26,392,20.6,0.6
2001,02,27,393,2.8,-2.8
2001,02,28,394,6.1,-3.9
2001,03,01,395,1.7,-6.7
2001,03,02,396,5.0,-6.7
2001,03,03,397,5.6,1.1
2001,03,04,398,7.2,0.6
2001,03,05,399,3.3,-1.1
2001,03,06,400,-1.1,-8.3
2001,03,07,401,-2.8,-7.2
2001,03,08,402,-0.6,-5.0
2001,03,09,403,4.4,-3.9
2001,03,10,404,0.0,-6.1
2001,03,11,405,3.3,-6.1
2001,03,12,406,5.6,-3.3
2001,03,13,407,16.1,-2.8
2001,03,14,408,10.6,1.1
2001,03,15,409,8.9,1.1
2001,03,16,410,8.9,1.1
2001,03,17,411,10.0,2.8
2001,03,18,412,3.9,-3.3
2001,03,19,413,6.1,-5.0
2001,03,20,414,8.9,-5.0
2001,03,21,415,10.6,0.0
2001,03,22,416,3.9,2.2
2001,03,23,417,13.9,0.6
2001,03,24,418,10.6,1.7
2001,03,25,419,7.2,-6.1
2001,03,26,420,-1.1,-11.1
2001,03,27,421,-3.3,-11.1
2001,03,28,422,1.7,-8.3
2001,03,29,423,8.3,-5.6
2001,03,30,424,11.7,1.7
2001,03,31,425,5.6,1.7
2001,04,01,426,7.2,0.0
2001,04,02,427,11.1,-0.6
2001,04,03,428,11.1,-0.6
2001,04,04,429,16.1,-0.6
2001,04,05,430,12.8,-0.6
2001,04,06,431,20.0,1.7
2001,04,07,432,20.0,12.8
2001,04,08,433,27.8,15.6
2001,04,09,434,26.1,16.7
2001,04,10,435,26.7,10.0
2001,04,11,436,22.8,10.6
2001,04,12,437,23.9,13.9
2001,04,13,438,27.8,11.7
2001,04,14,439,20.6,5.0
2001,04,15,440,18.9,5.0
2001,04,16,441,13.9,3.9
2001,04,17,442,11.7,-2.2
2001,04,18,443,3.9,-2.8
2001,04,19,444,7.2,-2.8
2001,04,20,445,14.4,-1.1
2001,04,21,446,14.4,6.7
2001,04,22,447,21.7,11.7
2001,04,23,448,24.4,16.7
2001,04,24,449,28.3,16.7
2001,04,25,450,17.8,2.8
2001,04,26,451,13.3,1.7
2001,04,27,452,18.3,1.7
2001,04,28,453,21.1,2.8
2001,04,29,454,14.4,2.2
2001,04,30,455,19.4,2.8
2001,05,01,456,25.0,6.7
2001,05,02,457,26.7,11.1
2001,05,03,458,27.8,13.9
2001,05,04,459,28.3,15.0
2001,05,05,460,28.9,13.3
2001,05,06,461,21.1,9.4
2001,05,07,462,22.2,10.0
2001,05,08,463,23.9,10.6
2001,05,09,464,16.7,9.4
2001,05,10,465,21.7,9.4
2001,05,11,466,25.0,9.4
2001,05,12,467,27.2,13.3
2001,05,13,468,16.7,2.2
2001,05,14,469,16.1,2.8
2001,05,15,470,18.3,2.8
2001,05,16,471,13.3,7.8
2001,05,17,472,15.6,8.3
2001,05,18,473,20.0,12.2
2001,05,19,474,23.3,12.8
2001,05,20,475,22.2,10.6
2001,05,21,476,23.3,12.2
2001,05,22,477,23.9,14.4
2001,05,23,478,21.7,8.3
2001,05,24,479,19.4,7.8
2001,05,25,480,20.6,8.3
2001,05,26,481,16.1,8.9
2001,05,27,482,21.7,10.6
2001,05,28,483,18.3,8.9
2001,05,29,484,18.9,9.4
2001,05,30,485,20.0,5.6
2001,05,31,486,16.1,2.8
2001,06,01,487,19.4,2.8
2001,06,02,488,23.3,10.0
2001,06,03,489,17.8,10.0
2001,06,04,490,15.0,8.3
2001,06,05,491,19.4,9.4
2001,06,06,492,22.8,10.6
2001,06,07,493,19.4,13.3
2001,06,08,494,19.4,12.2
2001,06,09,495,23.3,10.6
2001,06,10,496,22.8,11.7
2001,06,11,497,26.1,15.0
2001,06,12,498,26.7,16.1
2001,06,13,499,28.9,18.3
2001,06,14,500,30.6,17.2
2001,06,15,501,31.1,17.8
2001,06,16,502,30.0,19.4
2001,06,17,503,23.9,13.3
2001,06,18,504,25.6,12.2
2001,06,19,505,27.8,13.3
2001,06,20,506,30.0,17.8
2001,06,21,507,28.9,16.7
2001,06,22,508,26.7,17.2
2001,06,23,509,22.2,13.9
2001,06,24,510,20.0,10.6
2001,06,25,511,23.9,12.2
2001,06,26,512,26.7,12.8
2001,06,27,513,28.3,16.1
2001,06,28,514,30.0,17.8
2001,06,29,515,29.4,17.8
2001,06,30,516,30.6,17.8
2001,07,01,517,28.3,19.4
2001,07,02,518,27.8,7.8
2001,07,03,519,20.0,7.8
2001,07,04,520,23.9,8.9
2001,07,05,521,22.8,17.2
2001,07,06,522,25.0,8.9
2001,07,07,523,22.8,10.6
2001,07,08,524,26.1,13.9
2001,07,09,525,29.4,15.0
2001,07,10,526,29.4,12.2
2001,07,12,528,23.3,12.8
2001,07,13,529,23.3,11.7
2001,07,14,530,22.8,11.7
2001,07,15,531,23.9,12.2
2001,07,16,532,27.2,13.3
2001,07,17,533,28.3,17.8
2001,07,18,534,27.2,18.9
2001,07,19,535,27.2,17.8
2001,07,20,536,27.8,16.7
2001,07,21,537,28.9,15.0
2001,07,22,538,27.8,15.0
2001,07,23,539,29.4,18.3
2001,07,24,540,30.6,19.4
2001,07,25,541,31.1,20.6
2001,07,26,542,30.6,19.4
2001,07,27,543,23.3,12.8
2001,07,28,544,25.0,13.3
2001,07,29,545,26.7,15.6
2001,07,30,546,21.1,13.3
2001,07,31,547,27.2,14.4
2001,08,01,548,28.9,17.8
2001,08,02,549,30.6,17.8
2001,08,03,550,28.9,19.4
2001,08,04,551,26.1,19.4
2001,08,05,552,28.9,17.8
2001,08,11,558,32.2,17.8
2001,08,12,559,27.8,18.3
2001,08,13,560,25.6,18.9
2001,08,14,561,27.8,16.1
2001,08,15,562,24.4,12.2
2001,08,16,563,26.7,12.8
2001,08,17,564,28.3,17.2
2001,08,18,565,25.0,15.6
2001,08,19,566,25.0,16.1
2001,08,20,567,27.8,14.4
2001,08,21,568,20.6,15.0
2001,08,22,569,25.6,13.3
2001,08,23,570,24.4,13.3
2001,08,24,571,23.3,18.3
2001,08,25,572,25.6,15.6
2001,08,26,573,28.3,15.6
2001,08,27,574,25.6,18.3
2001,08,28,575,25.6,17.2
2001,08,29,576,27.2,14.4
2001,08,30,577,25.0,13.9
2001,08,31,578,28.3,13.3
2001,09,01,579,25.0,13.9
2001,09,02,580,21.1,9.4
2001,09,03,581,23.3,9.4
2001,09,04,582,26.7,11.1
2001,09,05,583,25.6,12.8
2001,09,06,584,22.8,11.7
2001,09,07,585,27.8,11.7
2001,09,08,586,29.4,17.2
2001,09,09,587,28.9,17.2
2001,09,10,588,29.4,17.8
2001,09,11,589,23.3,12.2
2001,09,12,590,23.3,11.1
2001,09,13,591,26.7,11.1
2001,09,14,592,26.7,11.1
2001,09,15,593,16.7,6.1
2001,09,16,594,17.8,6.1
2001,09,17,595,20.6,7.2
2001,09,18,596,23.9,7.8
2001,09,19,597,23.3,12.2
2001,09,20,598,25.0,15.6
2001,09,21,599,22.2,12.2
2001,09,22,600,23.3,11.7
2001,09,23,601,21.1,10.0
2001,09,24,602,25.0,9.4
2001,09,25,603,16.7,7.8
2001,09,26,604,8.9,6.7
2001,09,27,605,12.8,6.1
2001,09,28,606,13.9,7.8
2001,09,29,607,13.3,7.2
2001,09,30,608,16.7,5.6
2001,10,01,609,16.7,5.0
2001,10,02,610,20.6,4.4
2001,10,03,611,23.9,12.8
2001,10,04,612,25.0,13.9
2001,10,05,613,24.4,13.3
2001,10,06,614,22.8,5.6
2001,10,07,615,12.2,1.7
2001,10,08,616,8.9,-2.8
2001,10,09,617,12.2,-2.2
2001,10,10,618,19.4,0.6
2001,10,11,619,22.8,8.3
2001,10,12,620,22.8,11.1
2001,10,13,621,16.7,13.3
2001,10,14,622,27.2,15.0
2001,10,15,623,19.4,7.2
2001,10,16,624,16.1,6.7
2001,10,17,625,11.7,4.4
2001,10,18,626,8.3,0.6
2001,10,19,627,13.3,0.0
2001,10,20,628,17.8,5.6
2001,10,21,629,19.4,10.6
2001,10,22,630,22.2,10.6
2001,10,23,631,22.2,11.7
2001,10,24,632,25.0,13.9
2001,10,25,633,24.4,10.6
2001,10,26,634,13.3,4.4
2001,10,27,635,4.4,2.2
2001,10,28,636,4.4,0.6
2001,10,29,637,7.8,-1.1
2001,10,30,638,14.4,-0.6
2001,10,31,639,13.9,6.7
2001,11,01,640,20.6,8.3
2001,11,02,641,21.1,10.0
2001,11,03,642,21.7,8.3
2001,11,04,643,14.4,5.0
2001,11,05,644,17.2,1.1
2001,11,06,645,8.3,-1.7
2001,11,07,646,10.6,-1.7
2001,11,08,647,16.1,6.7
2001,11,09,648,18.3,2.8
2001,11,10,649,8.9,2.8
2001,11,11,650,15.0,4.4
2001,11,12,651,6.7,-2.8
2001,11,13,652,7.8,-3.3
2001,11,14,653,15.0,-1.7
2001,11,15,654,17.2,6.7
2001,11,16,655,18.3,11.1
2001,11,17,656,17.8,2.8
2001,11,18,657,6.7,-1.7
2001,11,19,658,15.6,-1.7
2001,11,20,659,20.0,0.0
2001,11,21,660,3.9,-2.8
2001,11,22,661,7.8,-2.8
2001,11,23,662,13.3,2.2
2001,11,24,663,16.7,5.0
2001,11,25,664,18.3,9.4
2001,11,26,665,16.1,6.1
2001,11,27,666,12.8,5.0
2001,11,28,667,15.6,6.1
2001,11,29,668,10.6,6.7
2001,11,30,669,16.7,10.0
2001,12,01,670,17.8,6.1
2001,12,02,671,7.8,3.9
2001,12,03,672,10.0,1.1
2001,12,04,673,16.1,2.8
2001,12,05,674,19.4,8.3
2001,12,06,675,22.2,13.9
2001,12,07,676,15.0,8.3
2001,12,08,677,10.6,2.8
2001,12,09,678,5.6,1.1
2001,12,10,679,5.0,-1.7
2001,12,11,680,8.9,-2.2
2001,12,12,681,10.6,2.2
2001,12,13,682,12.8,5.0
2001,12,14,683,16.1,7.8
2001,12,15,684,16.7,3.3
2001,12,16,685,5.0,-1.7
2001,12,17,686,5.6,-1.7
2001,12,18,687,13.3,4.4
2001,12,19,688,5.0,-0.6
2001,12,20,689,10.0,-0.6
2001,12,21,690,2.8,-3.9
2001,12,22,691,1.7,-5.6
2001,12,23,692,7.8,-5.6
2001,12,24,693,7.8,-1.1
2001,12,25,694,0.6,-7.8
2001,12,26,695,-3.9,-10.0
2001,12,27,696,-2.8,-10.0
2001,12,28,697,-3.3,-7.8
2001,12,29,698,-2.2,-6.7
2001,12,30,699,-5.0,-11.7
2001,12,31,700,-7.8,-11.7
2002,01,01,701,-6.7,-11.7
2002,01,02,702,-5.6,-12.2
2002,01,03,703,-3.3,-10.6
2002,01,04,704,-1.7,-9.4
2002,01,05,705,-1.1,-7.2
2002,01,06,706,3.3,-4.4
2002,01,07,707,0.6,-1.7
2002,01,08,708,-0.6,-7.2
2002,01,09,709,-0.6,-6.7
2002,01,10,710,6.1,-0.6
2002,01,11,711,8.9,2.8
2002,01,12,712,2.8,-2.8
2002,01,13,713,6.1,-2.2
2002,01,14,714,3.3,-3.9
2002,01,15,715,9.4,-2.2
2002,01,16,716,2.2,-2.2
2002,01,17,717,3.9,-1.7
2002,01,18,718,3.9,-5.6
2002,01,19,719,0.6,-5.0
2002,01,20,720,-2.2,-7.2
2002,01,21,721,0.0,-7.2
2002,01,22,722,3.3,-1.1
2002,01,23,723,8.9,-2.2
2002,01,24,724,12.2,6.7
2002,01,25,725,11.7,-2.8
2002,01,26,726,5.6,-3.3
2002,01,27,727,9.4,0.0
2002,01,28,728,13.9,1.1
2002,01,29,729,16.7,4.4
2002,01,30,730,17.8,10.0
2002,01,31,731,10.6,4.4
2002,02,01,732,22.2,5.0
2002,02,02,733,17.2,-5.0
2002,02,03,734,1.1,-5.0
2002,02,04,735,5.0,-3.9
2002,02,05,736,-0.6,-12.2
2002,02,06,737,-1.1,-12.2
2002,02,07,738,1.7,-5.6
2002,02,08,739,8.9,-2.8
2002,02,09,740,8.3,-2.8
2002,02,10,741,15.0,-0.6
2002,02,11,742,11.7,-4.4
2002,02,12,743,-1.1,-5.0
2002,02,13,744,6.7,-3.3
2002,02,14,745,-1.7,-7.8
2002,02,15,746,5.6,-7.8
2002,02,16,747,10.0,0.0
2002,02,17,748,7.8,-2.2
2002,02,18,749,0.0,-9.4
2002,02,19,750,4.4,-9.4
2002,02,20,751,13.9,-2.8
2002,02,21,752,15.0,5.0
2002,02,22,753,7.2,-1.1
2002,02,23,754,0.6,-6.1
2002,02,24,755,3.3,-6.1
2002,02,25,756,11.7,-5.6
2002,02,26,757,17.8,5.0
2002,02,27,758,8.9,-9.4
2002,02,28,759,-5.6,-9.4
2002,03,01,760,-3.9,-8.3
2002,03,02,761,6.1,-5.0
2002,03,03,762,10.6,2.8
2002,03,04,763,8.9,-11.7
2002,03,05,764,-8.3,-12.2
2002,03,06,765,4.4,-8.9
2002,03,07,766,14.4,3.9
2002,03,08,767,16.7,6.7
2002,03,09,768,21.7,7.8
2002,03,10,769,22.2,-3.3
2002,03,11,770,0.6,-7.8
2002,03,12,771,5.0,-7.8
2002,03,13,772,10.0,2.8
2002,03,14,773,16.1,3.3
2002,03,15,774,20.0,5.6
2002,03,16,775,21.7,5.0
2002,03,17,776,5.0,-0.6
2002,03,18,777,10.6,1.1
2002,03,19,778,12.8,1.7
2002,03,20,779,7.2,1.7
2002,03,21,780,9.4,1.7
2002,03,22,781,10.0,-11.1
2002,03,23,782,-3.9,-11.1
2002,03,24,783,7.2,-4.4
2002,03,25,784,9.4,0.0
2002,03,26,785,4.4,0.0
2002,03,27,786,11.1,-1.7
2002,03,28,787,2.2,-3.3
2002,03,29,788,10.0,-3.3
2002,03,30,789,21.7,5.6
2002,03,31,790,15.6,5.6
2002,04,01,791,11.7,1.7
2002,04,02,792,10.0,1.7
2002,04,03,793,21.7,5.0
2002,04,04,794,5.0,-2.2
2002,04,05,795,5.0,-2.2
2002,04,06,796,4.4,-4.4
2002,04,07,797,3.3,-4.4
2002,04,08,798,14.4,-4.4
2002,04,09,799,23.3,8.9
2002,04,10,800,18.3,3.9
2002,04,11,801,15.0,3.3
2002,04,12,802,23.9,6.1
2002,04,13,803,22.8,8.3
2002,04,14,804,18.9,11.7
2002,04,15,805,19.4,12.2
2002,04,16,806,25.6,14.4
2002,04,17,807,29.4,16.1
2002,04,18,808,28.9,18.3
2002,04,19,809,28.9,18.3
2002,04,20,810,27.2,15.0
2002,04,21,811,17.2,6.7
2002,04,22,812,9.4,5.6
2002,04,23,813,9.4,1.1
2002,04,24,814,8.9,-1.1
2002,04,25,815,18.9,-0.6
2002,04,26,816,13.9,3.9
2002,04,27,817,14.4,2.2
2002,04,28,818,15.6,2.8
2002,04,29,819,23.3,4.4
2002,04,30,820,6.1,3.3
2002,05,01,821,16.7,4.4
2002,05,02,822,18.3,6.7
2002,05,03,823,24.4,3.3
2002,05,04,824,12.2,0.6
2002,05,05,825,18.9,2.2
2002,05,06,826,20.6,5.0
2002,05,07,827,22.2,10.6
2002,05,08,828,21.1,11.7
2002,05,09,829,20.6,11.7
2002,05,10,830,29.4,8.9
2002,05,11,831,17.8,6.1
2002,05,12,832,19.4,7.8
2002,05,13,833,25.0,17.2
2002,05,14,834,17.2,6.1
2002,05,15,835,12.8,5.6
2002,05,16,836,18.3,5.6
2002,05,17,837,23.9,8.9
2002,05,18,838,15.6,3.3
2002,05,19,839,8.3,-0.6
2002,05,20,840,10.6,0.6
2002,05,21,841,10.0,-0.6
2002,05,22,842,10.0,-0.6
2002,05,23,843,17.2,0.6
2002,05,24,844,22.8,6.1
2002,05,25,845,23.3,8.9
2002,05,26,846,25.0,9.4
2002,05,27,847,21.1,9.4
2002,05,28,848,26.1,11.7
2002,05,29,849,26.7,14.4
2002,05,30,850,27.2,16.1
2002,05,31,851,27.8,16.7
2002,06,01,852,27.8,16.1
2002,06,02,853,27.2,16.7
2002,06,03,854,22.8,8.3
2002,06,04,855,22.2,8.9
2002,06,05,856,29.4,15.0
2002,06,06,857,28.3,15.6
2002,06,07,858,16.1,11.1
2002,06,08,859,23.9,11.7
2002,06,09,860,27.2,14.4
2002,06,10,861,28.3,16.7
2002,06,11,862,29.4,16.7
2002,06,12,863,28.9,21.1
2002,06,13,864,27.8,19.4
2002,06,14,865,22.8,19.4
2002,06,15,866,22.8,12.8
2002,06,16,867,17.8,12.2
2002,06,17,868,22.2,12.2
2002,06,18,869,22.2,11.7
2002,06,19,870,24.4,11.1
2002,06,20,871,27.8,12.8
2002,06,21,872,28.9,16.1
2002,06,22,873,29.4,16.1
2002,06,23,874,28.9,16.7
2002,06,24,875,30.0,18.9
2002,06,25,876,30.6,18.9
2002,06,26,877,31.7,18.9
2002,06,27,878,30.0,20.6
2002,06,28,879,28.9,17.8
2002,06,29,880,25.6,15.0
2002,06,30,881,28.3,15.6
2002,07,01,882,29.4,17.2
2002,07,02,883,29.4,19.4
2002,07,03,884,30.6,21.1
2002,07,04,885,31.1,21.7
2002,07,05,886,32.2,19.4
2002,07,06,887,28.9,13.9
2002,07,07,888,25.0,12.2
2002,07,08,889,26.7,12.8
2002,07,09,890,30.6,14.4
2002,07,10,891,28.3,20.0
2002,07,11,892,26.1,13.3
2002,07,12,893,23.3,11.1
2002,07,13,894,26.7,11.7
2002,07,14,895,24.4,16.1
2002,07,15,896,28.3,17.2
2002,07,16,897,29.4,17.8
2002,07,17,898,30.6,17.8
2002,07,18,899,31.7,18.3
2002,07,19,900,30.0,18.9
2002,07,20,901,28.3,18.9
2002,07,21,902,28.3,15.6
2002,07,22,903,30.6,16.7
2002,07,23,904,32.2,20.6
2002,07,24,905,28.3,17.8
2002,07,25,906,26.7,16.7
2002,07,26,907,27.8,16.7
2002,07,27,908,28.9,20.0
2002,07,28,909,27.2,21.7
2002,07,29,910,31.1,23.3
2002,07,30,911,31.7,21.7
2002,07,31,912,29.4,19.4
2002,08,01,913,31.7,18.3
2002,08,02,914,33.3,18.3
2002,08,03,915,33.9,19.4
2002,08,04,916,32.2,18.9
2002,08,05,917,34.4,19.4
2002,08,06,918,30.6,13.9
2002,08,07,919,23.3,11.1
2002,08,08,920,23.3,11.1
2002,08,09,921,24.4,11.7
2002,08,10,922,27.2,11.7
2002,08,11,923,30.6,15.0
2002,08,12,924,32.2,18.3
2002,08,13,925,30.6,18.3
2002,08,14,926,31.7,18.3
2002,08,15,927,33.3,21.1
2002,08,16,928,31.7,21.1
2002,08,17,929,30.0,20.0
2002,08,18,930,28.3,20.6
2002,08,19,931,31.1,20.6
2002,08,20,932,27.2,17.8
2002,08,21,933,25.6,13.9
2002,08,22,934,30.6,13.9
2002,08,23,935,32.2,18.9
2002,08,24,936,30.6,19.4
2002,08,25,937,27.8,16.1
2002,08,26,938,25.6,16.1
2002,08,27,939,26.1,15.6
2002,08,28,940,28.3,15.6
2002,08,29,941,23.3,13.3
2002,08,30,942,24.4,13.3
2002,08,31,943,26.1,13.3
2002,09,01,944,27.2,13.3
2002,09,02,945,27.2,12.8
2002,09,03,946,29.4,13.3
2002,09,04,947,32.8,17.2
2002,09,05,948,25.6,12.8
2002,09,06,949,24.4,12.8
2002,09,07,950,27.8,13.3
2002,09,08,951,31.1,13.3
2002,09,09,952,31.1,14.4
2002,09,10,953,32.2,13.9
2002,09,11,954,30.6,15.6
2002,09,12,955,21.7,9.4
2002,09,13,956,23.3,8.9
2002,09,14,957,28.3,8.9
2002,09,15,958,28.3,18.3
2002,09,16,959,23.3,18.9
2002,09,17,960,24.4,12.2
2002,09,18,961,25.6,12.2
2002,09,19,962,27.8,12.8
2002,09,20,963,28.9,17.8
2002,09,21,964,30.0,17.8
2002,09,22,965,20.0,12.8
2002,09,23,966,24.4,8.3
2002,09,24,967,20.6,7.2
2002,09,25,968,22.8,7.2
2002,09,26,969,21.1,10.6
2002,09,27,970,15.0,12.2
2002,09,28,971,22.8,12.8
2002,09,29,972,19.4,8.3
2002,09,30,973,22.8,7.8
2002,10,01,974,26.7,11.1
2002,10,02,975,25.0,15.6
2002,10,03,976,26.1,17.8
2002,10,04,977,27.8,18.3
2002,10,05,978,28.3,17.2
2002,10,06,979,17.2,6.7
2002,10,07,980,23.3,5.6
2002,10,08,981,15.0,2.2
2002,10,09,982,14.4,2.8
2002,10,10,983,17.8,7.8
2002,10,11,984,17.2,11.1
2002,10,12,985,15.0,12.8
2002,10,13,986,15.6,12.2
2002,10,14,987,15.6,2.8
2002,10,15,988,11.7,2.2
2002,10,16,989,16.7,2.8
2002,10,17,990,11.1,6.1
2002,10,18,991,6.1,0.6
2002,10,19,992,12.2,0.6
2002,10,20,993,11.7,2.2
2002,10,21,994,11.1,1.7
2002,10,22,995,12.2,1.1
2002,10,23,996,16.1,1.1
2002,10,24,997,11.1,2.8
2002,10,25,998,8.3,2.8
2002,10,26,999,13.3,5.0
2002,10,27,1000,11.7,7.2
2002,10,28,1001,10.0,4.4
2002,10,29,1002,10.0,1.1
2002,10,30,1003,3.9,1.1
2002,10,31,1004,2.8,1.1
2002,11,01,1005,7.8,1.7
2002,11,02,1006,5.6,-2.8
2002,11,03,1007,6.7,-2.2
2002,11,04,1008,8.3,-1.7
2002,11,05,1009,4.4,2.2
2002,11,06,1010,9.4,1.7
2002,11,07,1011,5.6,2.2
2002,11,08,1012,4.4,1.1
2002,11,09,1013,16.1,3.3
2002,11,10,1014,16.7,11.1
2002,11,11,1015,20.0,12.2
2002,11,12,1016,15.6,4.4
2002,11,13,1017,6.7,3.3
2002,11,14,1018,8.9,3.3
2002,11,15,1019,13.9,3.9
2002,11,16,1020,12.2,5.6
2002,11,17,1021,6.7,2.2
2002,11,18,1022,2.8,-2.2
2002,11,19,1023,4.4,-2.8
2002,11,20,1024,8.3,2.2
2002,11,21,1025,12.8,1.7
2002,11,22,1026,10.0,2.8
2002,11,23,1027,2.8,-1.7
2002,11,24,1028,4.4,-2.2
2002,11,25,1029,8.9,0.0
2002,11,26,1030,3.3,-3.3
2002,11,27,1031,2.8,-3.9
2002,11,28,1032,-1.1,-8.3
2002,11,29,1033,-2.2,-8.3
2002,11,30,1034,8.3,-2.8
2002,12,01,1035,5.6,-6.7
2002,12,02,1036,-2.2,-7.2
2002,12,03,1037,3.3,-11.1
2002,12,04,1038,-6.7,-12.2
2002,12,05,1039,-5.0,-12.2
2002,12,06,1040,-3.3,-7.2
2002,12,07,1041,-3.3,-8.3
2002,12,08,1042,2.2,-8.3
2002,12,09,1043,1.7,-10.6
2002,12,10,1044,-2.8,-11.7
2002,12,11,1045,2.8,-7.8
2002,12,12,1046,0.0,-1.1
2002,12,13,1047,2.2,-0.6
2002,12,14,1048,2.2,-0.6
2002,12,15,1049,1.7,-0.6
2002,12,16,1050,5.6,-0.6
2002,12,17,1051,-0.6,-8.3
2002,12,18,1052,1.1,-8.3
2002,12,19,1053,7.8,0.6
2002,12,20,1054,16.1,5.0
2002,12,21,1055,6.1,0.0
2002,12,22,1056,6.1,0.6
2002,12,23,1057,6.7,-2.2
2002,12,24,1058,3.3,-6.1
2002,12,25,1059,0.6,-6.1
2002,12,26,1060,1.7,-2.8
2002,12,27,1061,-2.2,-5.0
2002,12,28,1062,-2.2,-5.6
2002,12,29,1063,0.6,-5.6
2002,12,30,1064,2.2,-2.8
2002,12,31,1065,11.1,-2.2
2003,01,01,1066,13.9,4.4
2003,01,02,1067,6.1,-0.6
2003,01,03,1068,2.8,-0.6
2003,01,04,1069,2.2,-5.0
2003,01,05,1070,-2.8,-5.0
2003,01,06,1071,-1.7,-3.9
2003,01,07,1072,-2.2,-11.1
2003,01,08,1073,1.7,-11.7
2003,01,09,1074,7.2,1.7
2003,01,10,1075,8.9,-1.7
2003,01,11,1076,-1.7,-8.9
2003,01,12,1077,-5.6,-11.1
2003,01,13,1078,-4.4,-11.7
2003,01,14,1079,-2.2,-9.4
2003,01,15,1080,-5.6,-10.6
2003,01,16,1081,-8.9,-13.9
2003,01,17,1082,-6.7,-13.9
2003,01,18,1083,-6.7,-16.7
2003,01,19,1084,-7.8,-17.2
2003,01,20,1085,-3.3,-10.0
2003,01,21,1086,-6.7,-10.0
2003,01,22,1087,-7.2,-16.7
2003,01,23,1088,-10.6,-16.7
2003,01,24,1089,-10.0,-17.2
2003,01,25,1090,-8.3,-11.1
2003,01,26,1091,-4.4,-11.1
2003,01,27,1092,-5.0,-19.4
2003,01,28,1093,-8.9,-18.9
2003,01,29,1094,0.0,-8.9
2003,01,30,1095,0.0,-6.1
2003,01,31,1096,1.1,-7.8
2003,02,01,1097,3.3,-3.3
2003,02,02,1098,1.1,-1.1
2003,02,03,1099,1.1,-2.2
2003,02,04,1100,9.4,-2.2
2003,02,05,1101,5.0,-8.3
2003,02,06,1102,-4.4,-9.4
2003,02,07,1103,0.0,-8.9
2003,02,08,1104,-2.8,-13.3
2003,02,09,1105,-5.6,-13.3
2003,02,10,1106,-0.6,-5.6
2003,02,11,1107,-0.6,-11.7
2003,02,12,1108,-1.1,-11.7
2003,02,13,1109,-6.7,-11.1
2003,02,14,1110,-3.9,-10.0
2003,02,15,1111,0.6,-10.6
2003,02,16,1112,-1.1,-10.0
2003,02,17,1113,-6.1,-10.0
2003,02,18,1114,-1.7,-7.2
2003,02,19,1115,-2.8,-5.0
2003,02,20,1116,2.8,-3.3
2003,02,21,1117,4.4,-7.2
2003,02,22,1118,5.6,-8.3
2003,02,23,1119,4.4,-2.8
2003,02,24,1120,-2.8,-8.3
2003,02,25,1121,0.0,-10.6
2003,02,26,1122,-6.7,-11.1
2003,02,27,1123,-3.3,-9.4
2003,02,28,1124,1.1,-4.4
2003,03,01,1125,5.0,-1.7
2003,03,02,1126,3.9,0.6
2003,03,03,1127,2.8,-1.1
2003,03,04,1128,-3.9,-6.7
2003,03,05,1129,8.3,-4.4
2003,03,06,1130,9.4,-3.3
2003,03,07,1131,-2.2,-6.7
2003,03,08,1132,5.6,-6.7
2003,03,09,1133,15.0,-3.9
2003,03,10,1134,-3.3,-10.6
2003,03,11,1135,-3.3,-11.1
2003,03,12,1136,5.6,-10.0
2003,03,13,1137,12.2,3.3
2003,03,14,1138,6.7,-7.2
2003,03,15,1139,10.6,-6.7
2003,03,16,1140,18.9,1.1
2003,03,17,1141,22.8,6.7
2003,03,18,1142,21.7,10.0
2003,03,19,1143,20.0,8.9
2003,03,20,1144,13.9,5.6
2003,03,21,1145,10.6,5.0
2003,03,22,1146,17.8,3.9
2003,03,23,1147,10.0,2.8
2003,03,24,1148,10.0,1.1
2003,03,25,1149,19.4,0.6
2003,03,26,1150,23.3,6.7
2003,03,27,1151,12.8,2.2
2003,03,28,1152,17.8,3.3
2003,03,29,1153,24.4,10.6
2003,03,30,1154,11.1,-1.7
2003,03,31,1155,0.0,-6.1
2003,04,01,1156,3.9,-5.6
2003,04,02,1157,18.3,2.2
2003,04,03,1158,23.9,13.9
2003,04,04,1159,23.9,15.6
2003,04,05,1160,21.1,10.6
2003,04,06,1161,16.7,-1.7
2003,04,07,1162,5.6,-1.7
2003,04,08,1163,3.9,2.2
2003,04,09,1164,11.1,2.8
2003,04,10,1165,10.6,2.2
2003,04,11,1166,13.3,2.8
2003,04,12,1167,7.2,2.8
2003,04,13,1168,16.1,0.6
2003,04,14,1169,15.0,0.6
2003,04,15,1170,24.4,5.0
2003,04,16,1171,26.7,13.3
2003,04,17,1172,25.6,10.6
2003,04,18,1173,18.3,6.1
2003,04,19,1174,13.3,6.7
2003,04,20,1175,22.2,7.8
2003,04,21,1176,25.6,8.3
2003,04,22,1177,21.7,8.3
2003,04,23,1178,8.9,2.2
2003,04,24,1179,12.2,-0.6
2003,04,25,1180,14.4,-0.6
2003,04,26,1181,20.6,5.6
2003,04,27,1182,18.3,2.2
2003,04,28,1183,20.0,2.2
2003,04,29,1184,24.4,7.8
2003,04,30,1185,20.6,8.3
2003,05,01,1186,25.6,8.3
2003,05,02,1187,27.2,14.4
2003,05,03,1188,20.6,7.8
2003,05,04,1189,17.8,7.8
2003,05,05,1190,18.3,8.9
2003,05,06,1191,18.9,8.9
2003,05,07,1192,22.8,13.9
2003,05,08,1193,20.6,12.8
2003,05,09,1194,22.2,12.2
2003,05,10,1195,18.3,12.8
2003,05,11,1196,22.2,15.6
2003,05,12,1197,26.1,10.6
2003,05,13,1198,10.6,7.8
2003,05,14,1199,15.6,6.1
2003,05,15,1200,20.0,6.1
2003,05,16,1201,20.6,10.6
2003,05,17,1202,19.4,9.4
2003,05,18,1203,16.1,9.4
2003,05,19,1204,16.7,7.2
2003,05,20,1205,23.3,7.2
2003,05,21,1206,18.3,6.7
2003,05,22,1207,15.0,5.6
2003,05,23,1208,19.4,5.6
2003,05,24,1209,20.0,8.3
2003,05,25,1210,18.9,8.3
2003,05,26,1211,21.7,10.6
2003,05,27,1212,19.4,10.6
2003,05,28,1213,19.4,10.6
2003,05,29,1214,18.3,10.0
2003,06,02,1218,21.7,3.9
2003,06,03,1219,19.4,3.9
2003,06,04,1220,14.4,9.4
2003,06,05,1221,19.4,12.2
2003,06,06,1222,18.9,8.9
2003,06,07,1223,23.3,9.4
2003,06,08,1224,20.6,14.4
2003,06,09,1225,26.7,12.2
2003,06,10,1226,22.2,12.2
2003,06,11,1227,25.0,14.4
2003,06,12,1228,25.6,17.2
2003,06,13,1229,25.0,18.3
2003,06,14,1230,23.3,18.3
2003,06,15,1231,23.3,17.2
2003,06,16,1232,25.6,16.7
2003,06,17,1233,23.9,16.7
2003,06,18,1234,17.2,14.4
2003,06,19,1235,23.9,16.7
2003,06,20,1236,22.2,10.6
2003,06,21,1237,18.9,10.0
2003,06,22,1238,17.8,11.1
2003,06,23,1239,26.1,12.8
2003,06,24,1240,27.8,14.4
2003,06,25,1241,30.0,15.6
2003,06,26,1242,30.0,17.2
2003,06,27,1243,30.0,16.1
2003,06,28,1244,21.7,10.6
2003,06,29,1245,26.7,12.8
2003,06,30,1246,27.8,17.2
2003,07,01,1247,24.4,14.4
2003,07,02,1248,28.9,15.6
2003,07,03,1249,27.8,15.6
2003,07,04,1250,29.4,15.0
2003,07,05,1251,29.4,19.4
2003,07,06,1252,28.3,18.9
2003,07,07,1253,29.4,18.9
2003,07,08,1254,28.3,17.8
2003,07,09,1255,30.0,17.8
2003,07,10,1256,25.0,17.8
2003,07,11,1257,25.6,18.9
2003,07,12,1258,22.8,15.6
2003,07,13,1259,23.9,12.8
2003,07,14,1260,25.0,13.3
2003,07,15,1261,27.8,14.4
2003,07,16,1262,28.3,16.1
2003,07,17,1263,25.6,14.4
2003,07,18,1264,26.7,15.6
2003,07,19,1265,26.7,13.3
2003,07,20,1266,25.0,12.2
2003,07,21,1267,26.1,13.3
2003,07,22,1268,27.8,18.3
2003,07,23,1269,25.6,16.1
2003,07,24,1270,19.4,15.0
2003,07,25,1271,24.4,13.9
2003,07,26,1272,27.8,13.9
2003,07,27,1273,27.8,16.7
2003,07,28,1274,28.3,19.4
2003,07,29,1275,23.9,13.3
2003,07,30,1276,25.0,13.3
2003,07,31,1277,27.8,15.0
2003,08,01,1278,26.1,17.8
2003,08,02,1279,26.7,18.3
2003,08,03,1280,27.8,18.3
2003,08,04,1281,23.9,16.1
2003,08,05,1282,26.1,16.1
2003,08,06,1283,24.4,16.1
2003,08,07,1284,26.1,17.2
2003,08,08,1285,26.1,17.2
2003,08,09,1286,23.9,17.8
2003,08,10,1287,23.9,18.3
2003,08,11,1288,25.6,17.8
2003,08,12,1289,25.0,16.7
2003,08,13,1290,28.9,16.7
2003,08,14,1291,30.0,17.8
2003,08,15,1292,30.0,18.9
2003,08,16,1293,29.4,18.9
2003,08,17,1294,27.8,18.3
2003,08,18,1295,25.0,14.4
2003,08,19,1296,25.6,13.9
2003,08,20,1297,27.8,14.4
2003,08,21,1298,29.4,15.6
2003,08,22,1299,30.0,19.4
2003,08,23,1300,27.8,14.4
2003,08,24,1301,24.4,11.1
2003,08,25,1302,25.0,11.1
2003,08,26,1303,28.9,16.1
2003,08,27,1304,28.3,17.8
2003,08,28,1305,27.2,16.1
2003,08,29,1306,28.3,18.3
2003,08,30,1307,28.3,20.6
2003,08,31,1308,22.2,13.3
2003,09,01,1309,24.4,13.3
2003,09,02,1310,25.6,18.3
2003,09,03,1311,22.8,18.9
2003,09,04,1312,26.1,18.3
2003,09,05,1313,25.6,12.2
2003,09,06,1314,19.4,9.4
2003,09,07,1315,21.7,9.4
2003,09,08,1316,23.3,11.7
2003,09,09,1317,25.6,13.9
2003,09,10,1318,24.4,12.8
2003,09,11,1319,23.9,11.7
2003,09,12,1320,25.0,11.7
2003,09,13,1321,22.8,12.8
2003,09,14,1322,21.7,14.4
2003,09,15,1323,27.2,14.4
2003,09,16,1324,20.0,10.0
2003,09,17,1325,22.8,9.4
2003,09,18,1326,23.3,10.0
2003,09,19,1327,19.4,11.1
2003,09,20,1328,21.7,11.7
2003,09,21,1329,20.6,9.4
2003,09,22,1330,25.0,9.4
2003,09,23,1331,21.7,13.9
2003,09,24,1332,16.1,8.3
2003,09,25,1333,21.7,7.8
2003,09,26,1334,18.9,8.3
2003,09,27,1335,21.1,8.3
2003,09,28,1336,19.4,9.4
2003,09,29,1337,15.6,6.7
2003,09,30,1338,10.6,4.4
2003,10,01,1339,16.1,3.9
2003,10,02,1340,12.2,1.7
2003,10,03,1341,8.9,-1.7
2003,10,04,1342,13.3,-1.7
2003,10,05,1343,11.1,4.4
2003,10,06,1344,13.9,2.8
2003,10,07,1345,15.0,1.7
2003,10,08,1346,20.0,2.2
2003,10,09,1347,23.3,8.3
2003,10,10,1348,23.3,9.4
2003,10,11,1349,22.8,11.1
2003,10,12,1350,23.3,10.6
2003,10,13,1351,21.7,7.2
2003,10,14,1352,20.6,6.7
2003,10,15,1353,20.6,8.3
2003,10,16,1354,12.2,6.1
2003,10,17,1355,11.7,6.7
2003,10,18,1356,8.3,2.2
2003,10,19,1357,10.6,2.2
2003,10,20,1358,15.0,3.3
2003,10,21,1359,20.0,2.2
2003,10,22,1360,19.4,6.1
2003,10,23,1361,8.3,0.6
2003,10,24,1362,5.0,-0.6
2003,10,25,1363,11.1,-0.6
2003,10,26,1364,21.7,6.7
2003,10,27,1365,17.8,5.6
2003,10,28,1366,7.8,1.1
2003,10,29,1367,13.9,2.2
2003,10,30,1368,11.1,2.2
2003,10,31,1369,20.0,2.2
2003,11,01,1370,23.3,14.4
2003,11,02,1371,16.7,12.8
2003,11,03,1372,24.4,13.3
2003,11,04,1373,23.3,12.2
2003,11,05,1374,25.0,12.2
2003,11,06,1375,17.8,8.9
2003,11,07,1376,9.4,5.0
2003,11,08,1377,9.4,-1.7
2003,11,09,1378,2.8,-5.0
2003,11,10,1379,4.4,-5.6
2003,11,11,1380,11.1,-5.0
2003,11,12,1381,12.8,6.7
2003,11,13,1382,15.6,0.0
2003,11,14,1383,1.7,-2.8
2003,11,15,1384,5.6,-3.3
2003,11,16,1385,7.2,2.8
2003,11,17,1386,10.6,5.0
2003,11,18,1387,10.6,3.3
2003,11,19,1388,16.7,7.2
2003,11,20,1389,14.4,3.3
2003,11,21,1390,10.6,2.2
2003,11,22,1391,16.7,6.1
2003,11,23,1392,18.3,7.2
2003,11,24,1393,19.4,8.3
2003,11,25,1394,15.0,-5.6
2003,11,26,1395,2.8,-5.6
2003,11,27,1396,8.9,0.0
2003,11,28,1397,12.2,2.8
2003,11,29,1398,12.2,-2.8
2003,11,30,1399,1.1,-2.2
2003,12,01,1400,8.3,1.1
2003,12,02,1401,5.0,-3.3
2003,12,03,1402,0.0,-5.6
2003,12,04,1403,-0.6,-6.1
2003,12,05,1404,3.9,-3.3
2003,12,06,1405,1.1,-2.8
2003,12,07,1406,-1.7,-4.4
2003,12,08,1407,-1.7,-7.8
2003,12,09,1408,0.6,-7.8
2003,12,10,1409,6.7,-0.6
2003,12,11,1410,9.4,2.8
2003,12,12,1411,2.8,-3.3
2003,12,13,1412,-1.7,-8.9
2003,12,14,1413,-1.7,-8.9
2003,12,15,1414,-0.6,-3.9
2003,12,16,1415,-1.1,-5.6
2003,12,17,1416,12.2,-1.7
2003,12,18,1417,-1.1,-5.6
2003,12,19,1418,-2.2,-5.6
2003,12,20,1419,-2.2,-4.4
2003,12,21,1420,-3.3,-8.9
2003,12,22,1421,4.4,-7.2
2003,12,23,1422,7.8,4.4
2003,12,24,1423,13.3,0.0
2003,12,25,1424,1.1,-2.8
2003,12,26,1425,-1.7,-4.4
2003,12,27,1426,-0.6,-4.4
2003,12,28,1427,6.1,-3.9
2003,12,29,1428,15.0,-3.3
2003,12,30,1429,17.2,1.1
2003,12,31,1430,1.1,-2.8
2004,01,01,1431,8.9,-2.8
2004,01,02,1432,8.9,-1.1
2004,01,03,1433,15.0,6.7
2004,01,04,1434,16.1,4.4
2004,01,05,1435,9.4,2.8
2004,01,06,1436,8.9,-3.9
2004,01,07,1437,-3.3,-11.7
2004,01,08,1438,-6.7,-11.7
2004,01,09,1439,-3.9,-8.3
2004,01,10,1440,-5.6,-16.7
2004,01,11,1441,-10.6,-16.7
2004,01,12,1442,3.3,-11.1
2004,01,13,1443,2.8,-0.6
2004,01,14,1444,0.6,-8.3
2004,01,15,1445,1.7,-8.3
2004,01,16,1446,-6.1,-15.6
2004,01,17,1447,-8.3,-15.0
2004,01,18,1448,2.8,-12.2
2004,01,19,1449,1.1,-10.0
2004,01,20,1450,-8.3,-10.6
2004,01,21,1451,-7.8,-14.4
2004,01,22,1452,-1.1,-15.6
2004,01,23,1453,-0.6,-16.1
2004,01,24,1454,-8.9,-9.4
2004,01,25,1455,-8.3,-17.8
2004,01,26,1456,-7.8,-17.2
2004,01,27,1457,-1.7,-7.8
2004,01,28,1458,0.6,-10.0
2004,01,29,1459,-6.1,-11.1
2004,01,30,1460,-6.7,-12.8
2004,01,31,1461,-11.1,-18.9
2004,02,01,1462,-10.0,-18.3
2004,02,02,1463,-3.9,-16.7
2004,02,03,1464,6.7,-7.2
2004,02,04,1465,2.8,-3.9
2004,02,09,1470,-1.1,-11.7
2004,02,10,1471,5.0,-3.9
2004,02,11,1472,5.6,-6.1
2004,02,12,1473,0.6,-7.2
2004,02,13,1474,7.2,-4.4
2004,02,14,1475,1.1,-6.1
2004,02,15,1476,3.9,-7.2
2004,02,16,1477,-4.4,-14.4
2004,02,17,1478,-1.7,-14.4
2004,02,18,1479,5.6,-5.6
2004,02,19,1480,2.8,-6.7
2004,02,20,1481,15.0,1.7
2004,02,21,1482,18.9,4.4
2004,02,22,1483,4.4,2.2
2004,02,23,1484,6.7,-0.6
2004,02,24,1485,8.9,-0.6
2004,02,25,1486,5.6,-2.2
2004,02,26,1487,6.7,-7.2
2004,02,27,1488,6.7,0.0
2004,02,28,1489,11.1,0.6
2004,02,29,1490,14.4,0.6
2004,03,01,1491,16.7,6.1
2004,03,02,1492,20.6,7.8
2004,03,03,1493,20.6,7.2
2004,03,04,1494,14.4,7.2
2004,03,05,1495,16.7,8.9
2004,03,06,1496,25.6,13.3
2004,03,07,1497,13.9,5.6
2004,03,08,1498,13.9,3.3
2004,03,09,1499,5.6,2.8
2004,03,10,1500,7.2,1.7
2004,03,11,1501,9.4,0.6
2004,03,12,1502,12.8,-1.1
2004,03,13,1503,3.9,-6.7
2004,03,14,1504,7.2,-6.1
2004,03,15,1505,13.9,4.4
2004,03,16,1506,12.2,2.2
2004,03,17,1507,6.1,0.0
2004,03,18,1508,3.9,0.0
2004,03,19,1509,5.6,1.7
2004,03,20,1510,9.4,2.8
2004,03,21,1511,18.9,3.9
2004,03,22,1512,5.6,-8.9
2004,03,23,1513,3.3,-8.3
2004,03,24,1514,10.6,-1.7
2004,03,25,1515,14.4,5.0
2004,03,26,1516,21.7,10.6
2004,03,27,1517,25.0,15.0
2004,03,28,1518,18.9,7.2
2004,03,29,1519,21.7,9.4
2004,03,30,1520,23.3,10.6
2004,03,31,1521,12.8,5.0
2004,04,01,1522,11.1,6.1
2004,04,02,1523,7.2,3.3
2004,04,03,1524,8.9,5.0
2004,04,04,1525,14.4,3.3
2004,04,05,1526,5.6,1.1
2004,04,06,1527,8.3,1.1
2004,04,07,1528,15.0,1.7
2004,04,08,1529,18.9,7.2
2004,04,09,1530,15.6,6.7
2004,04,10,1531,15.0,5.6
2004,04,11,1532,16.7,6.7
2004,04,12,1533,11.1,5.6
2004,04,13,1534,8.9,6.1
2004,04,14,1535,9.4,4.4
2004,04,15,1536,12.2,3.3
2004,04,16,1537,17.2,3.9
2004,04,17,1538,23.9,7.2
2004,04,18,1539,26.7,14.4
2004,04,19,1540,28.3,18.3
2004,04,20,1541,25.6,10.6
2004,04,21,1542,23.3,10.0
2004,04,22,1543,26.7,15.0
2004,04,23,1544,18.9,14.4
2004,04,24,1545,16.7,10.0
2004,04,25,1546,20.0,10.0
2004,04,26,1547,24.4,12.8
2004,04,27,1548,17.2,7.8
2004,04,28,1549,12.8,0.6
2004,04,29,1550,18.3,0.6
2004,04,30,1551,25.6,13.9
2004,05,01,1552,26.7,15.6
2004,05,02,1553,27.8,17.2
2004,05,03,1554,24.4,5.6
2004,05,04,1555,12.8,3.3
2004,05,05,1556,16.7,5.0
2004,05,06,1557,21.7,7.2
2004,05,07,1558,27.8,8.3
2004,05,08,1559,25.0,8.3
2004,05,09,1560,26.7,8.9
2004,05,10,1561,29.4,18.3
2004,05,11,1562,29.4,16.7
2004,05,12,1563,28.9,16.1
2004,05,13,1564,29.4,16.1
2004,05,14,1565,30.0,16.1
2004,05,15,1566,28.3,18.9
2004,05,16,1567,22.2,11.7
2004,05,17,1568,20.6,11.1
2004,05,18,1569,28.9,12.8
2004,05,19,1570,26.1,17.8
2004,05,20,1571,23.3,15.6
2004,05,21,1572,27.2,16.1
2004,05,22,1573,25.6,16.7
2004,05,23,1574,28.9,17.2
2004,05,24,1575,29.4,20.0
2004,05,25,1576,28.3,12.2
2004,05,26,1577,27.2,12.8
2004,05,27,1578,23.3,17.2
2004,05,28,1579,23.9,16.7
2004,05,29,1580,22.2,6.1
2004,05,30,1581,20.0,6.7
2004,05,31,1582,26.1,11.7
2004,06,01,1583,23.9,13.9
2004,06,02,1584,23.9,13.3
2004,06,03,1585,22.2,12.8
2004,06,05,1587,21.1,10.6
2004,06,06,1588,16.1,13.3
2004,06,07,1589,23.3,13.3
2004,06,08,1590,27.2,16.1
2004,06,09,1591,29.4,17.8
2004,06,10,1592,30.6,19.4
2004,06,11,1593,26.1,18.9
2004,06,12,1594,20.0,13.3
2004,06,13,1595,25.6,13.9
2004,06,14,1596,28.3,18.3
2004,06,15,1597,28.9,17.8
2004,06,16,1598,28.9,19.4
2004,06,17,1599,27.2,20.0
2004,06,18,1600,28.9,19.4
2004,06,19,1601,27.2,18.3
2004,06,20,1602,21.7,6.7
2004,06,21,1603,20.6,7.8
2004,06,22,1604,24.4,10.6
2004,06,23,1605,26.1,15.0
2004,06,24,1606,25.0,13.9
2004,06,25,1607,27.2,13.9
2004,06,26,1608,22.8,13.3
2004,06,27,1609,22.2,12.2
2004,06,28,1610,23.9,13.9
2004,06,29,1611,21.7,10.0
2004,06,30,1612,23.3,10.6
2004,07,01,1613,26.1,12.8
2004,07,02,1614,27.8,13.9
2004,07,03,1615,27.2,17.2
2004,07,04,1616,30.0,17.2
2004,07,05,1617,29.4,21.7
2004,07,06,1618,28.9,16.1
2004,07,07,1619,28.3,16.7
2004,07,08,1620,25.6,17.2
2004,07,09,1621,25.0,13.3
2004,07,10,1622,26.1,13.9
2004,07,11,1623,27.8,17.2
2004,07,12,1624,28.3,20.0
2004,07,13,1625,28.3,20.0
2004,07,14,1626,28.3,20.0
2004,07,15,1627,26.7,16.1
2004,07,16,1628,23.9,16.7
2004,07,17,1629,26.1,13.3
2004,07,18,1630,17.8,15.6
2004,07,19,1631,24.4,15.6
2004,07,20,1632,25.0,16.1
2004,07,21,1633,27.2,17.2
2004,07,22,1634,29.4,19.4
2004,07,23,1635,25.6,18.9
2004,07,24,1636,24.4,13.3
2004,07,25,1637,23.9,13.9
2004,07,26,1638,26.1,13.9
2004,07,27,1639,23.3,18.3
2004,07,28,1640,23.9,16.1
2004,07,29,1641,21.1,12.8
2004,07,30,1642,27.2,12.8
2004,07,31,1643,28.3,20.6
2004,08,01,1644,23.3,20.0
2004,08,02,1645,27.8,17.2
2004,08,03,1646,30.0,17.8
2004,08,04,1647,29.4,17.8
2004,08,05,1648,28.3,15.6
2004,08,06,1649,23.3,10.0
2004,08,07,1650,20.0,10.6
2004,08,08,1651,21.1,11.1
2004,08,09,1652,25.0,13.3
2004,08,10,1653,26.1,13.3
2004,08,11,1654,27.2,16.1
2004,08,12,1655,25.6,15.0
2004,08,13,1656,17.2,15.0
2004,08,14,1657,17.8,10.6
2004,08,15,1658,21.1,10.6
2004,08,16,1659,23.9,10.6
2004,08,17,1660,24.4,12.8
2004,08,18,1661,25.6,13.3
2004,08,19,1662,27.2,15.0
2004,08,20,1663,28.9,17.8
2004,08,21,1664,27.8,15.6
2004,08,22,1665,21.7,10.0
2004,08,23,1666,23.3,10.0
2004,08,24,1667,26.7,13.9
2004,08,25,1668,28.9,13.9
2004,08,26,1669,28.9,17.2
2004,08,27,1670,25.0,17.8
2004,08,28,1671,28.3,19.4
2004,08,29,1672,28.9,20.0
2004,08,30,1673,28.3,18.9
2004,08,31,1674,21.1,14.4
2004,09,01,1675,22.8,13.3
2004,09,02,1676,25.0,12.8
2004,09,03,1677,27.2,15.0
2004,09,04,1678,27.2,16.1
2004,09,05,1679,28.3,16.7
2004,09,06,1680,28.3,16.7
2004,09,07,1681,26.7,17.8
2004,09,08,1682,27.8,18.3
2004,09,09,1683,20.6,17.2
2004,09,10,1684,22.2,15.0
2004,09,11,1685,22.2,12.2
2004,09,12,1686,25.0,12.2
2004,09,13,1687,25.6,13.3
2004,09,14,1688,26.7,12.8
2004,09,15,1689,23.3,15.0
2004,09,16,1690,26.1,15.0
2004,09,17,1691,27.2,16.1
2004,09,18,1692,19.4,11.7
2004,09,19,1693,18.9,8.3
2004,09,20,1694,18.9,7.2
2004,09,21,1695,22.2,7.8
2004,09,22,1696,25.0,10.0
2004,09,23,1697,26.7,11.7
2004,09,24,1698,26.7,10.6
2004,09,25,1699,27.8,14.4
2004,09,26,1700,24.4,11.1
2004,09,27,1701,21.1,11.1
2004,09,28,1702,24.4,11.7
2004,09,29,1703,19.4,11.7
2004,09,30,1704,17.2,10.6
2004,10,01,1705,20.0,7.2
2004,10,02,1706,24.4,7.8
2004,10,03,1707,21.7,3.3
2004,10,04,1708,18.3,3.3
2004,10,05,1709,20.0,3.9
2004,10,06,1710,13.9,3.3
2004,10,07,1711,18.9,3.3
2004,10,08,1712,23.9,6.7
2004,10,09,1713,24.4,11.1
2004,10,10,1714,22.8,8.3
2004,10,11,1715,13.3,6.1
2004,10,12,1716,15.6,2.8
2004,10,13,1717,14.4,2.8
2004,10,14,1718,19.4,6.7
2004,10,15,1719,13.9,11.1
2004,10,16,1720,12.2,7.2
2004,10,17,1721,10.0,5.0
2004,10,18,1722,11.7,1.1
2004,10,19,1723,14.4,1.1
2004,10,20,1724,17.2,12.2
2004,10,21,1725,15.6,11.1
2004,10,22,1726,12.8,10.0
2004,10,23,1727,15.6,5.6
2004,10,24,1728,17.2,5.6
2004,10,25,1729,20.0,11.1
2004,10,26,1730,16.1,6.1
2004,10,27,1731,17.2,5.0
2004,10,28,1732,18.9,8.3
2004,10,29,1733,17.8,7.8
2004,10,30,1734,19.4,10.6
2004,10,31,1735,22.2,12.2
2004,11,01,1736,18.3,6.1
2004,11,02,1737,16.7,5.6
2004,11,03,1738,26.1,6.7
2004,11,04,1739,10.6,6.1
2004,11,05,1740,14.4,4.4
2004,11,06,1741,8.9,3.9
2004,11,07,1742,15.0,5.0
2004,11,08,1743,19.4,1.7
2004,11,09,1744,6.7,-1.1
2004,11,10,1745,6.1,-1.1
2004,11,11,1746,14.4,1.1
2004,11,12,1747,15.6,4.4
2004,11,13,1748,6.7,-2.2
2004,11,14,1749,5.6,-3.3
2004,11,15,1750,8.9,-2.8
2004,11,16,1751,11.1,-1.1
2004,11,17,1752,10.6,6.1
2004,11,18,1753,12.2,7.8
2004,11,19,1754,12.8,9.4
2004,11,20,1755,13.3,11.7
2004,11,21,1756,14.4,10.0
2004,11,22,1757,11.7,7.2
2004,11,23,1758,7.8,4.4
2004,11,24,1759,15.0,4.4
2004,11,25,1760,16.7,5.6
2004,11,26,1761,5.6,-3.3
2004,11,27,1762,6.7,-3.3
2004,11,28,1763,13.9,4.4
2004,11,29,1764,5.0,-0.6
2004,11,30,1765,5.6,-0.6
2004,12,01,1766,12.8,2.2
2004,12,02,1767,7.8,0.0
2004,12,03,1768,5.6,-0.6
2004,12,04,1769,3.9,-3.9
2004,12,05,1770,7.2,-2.8
2004,12,06,1771,8.9,3.3
2004,12,07,1772,12.2,5.6
2004,12,08,1773,20.6,7.2
2004,12,09,1774,8.3,2.2
2004,12,10,1775,8.9,2.2
2004,12,11,1776,12.8,2.2
2004,12,12,1777,2.8,0.0
2004,12,13,1778,4.4,0.0
2004,12,14,1779,0.6,-3.9
2004,12,15,1780,-2.8,-7.2
2004,12,16,1781,-3.3,-7.8
2004,12,17,1782,5.0,-6.7
2004,12,18,1783,2.2,-3.9
2004,12,19,1784,6.1,-2.8
2004,12,20,1785,6.1,-18.9
2004,12,21,1786,0.0,-18.3
2004,12,22,1787,7.2,0.0
2004,12,23,1788,12.2,2.8
2004,12,24,1789,13.3,-8.3
2004,12,25,1790,-4.4,-15.0
2004,12,26,1791,-5.6,-15.0
2004,12,27,1792,-1.7,-10.6
2004,12,28,1793,-6.1,-11.7
2004,12,29,1794,6.1,-8.3
2004,12,30,1795,6.7,4.4
2004,12,31,1796,11.1,5.6
2005,01,01,1797,13.3,10.6
2005,01,02,1798,14.4,6.1
2005,01,03,1799,16.7,8.9
2005,01,04,1800,13.9,6.1
2005,01,05,1801,6.7,5.0
2005,01,06,1802,6.1,2.2
2005,01,07,1803,11.7,-1.7
2005,01,08,1804,6.7,-1.7
2005,01,09,1805,8.9,-0.6
2005,01,10,1806,8.9,0.0
2005,01,11,1807,6.1,0.0
2005,01,12,1808,13.9,1.7
2005,01,13,1809,16.7,13.3
2005,01,14,1810,21.1,0.0
2005,01,15,1811,0.6,-8.9
2005,01,16,1812,-1.1,-8.9
2005,01,17,1813,-1.1,-15.0
2005,01,18,1814,-10.6,-17.2
2005,01,19,1815,-7.8,-17.2
2005,01,20,1816,-2.2,-8.3
2005,01,21,1817,-4.4,-12.8
2005,01,22,1818,-8.3,-14.4
2005,01,23,1819,0.6,-16.7
2005,01,24,1820,-10.6,-17.8
2005,01,25,1821,-5.0,-17.2
2005,01,26,1822,5.0,-5.0
2005,01,27,1823,4.4,-14.4
2005,01,28,1824,-8.3,-16.1
2005,01,29,1825,-3.3,-16.1
2005,01,30,1826,2.2,-7.8
2005,01,31,1827,2.2,-8.3
2005,02,01,1828,2.8,-8.3
2005,02,02,1829,3.3,-8.3
2005,02,03,1830,6.7,-8.9
2005,02,04,1831,2.2,-3.9
2005,02,05,1832,4.4,-3.9
2005,02,06,1833,8.9,-3.9
2005,02,07,1834,13.3,-0.6
2005,02,08,1835,15.6,3.3
2005,02,09,1836,8.9,5.0
2005,02,10,1837,8.9,-3.3
2005,02,11,1838,-2.2,-9.4
2005,02,12,1839,-1.7,-9.4
2005,02,13,1840,6.1,-1.7
2005,02,14,1841,5.0,-1.7
2005,02,15,1842,8.9,3.9
2005,02,16,1843,16.7,4.4
2005,02,17,1844,10.0,-2.8
2005,02,18,1845,-0.6,-10.6
2005,02,19,1846,-5.6,-11.7
2005,02,20,1847,0.6,-11.1
2005,02,21,1848,8.9,-2.8
2005,02,22,1849,10.6,-0.6
2005,02,23,1850,5.0,-1.7
2005,02,24,1851,1.7,-5.0
2005,02,25,1852,-2.2,-6.7
2005,02,26,1853,0.0,-7.2
2005,02,27,1854,2.2,-11.1
2005,02,28,1855,3.3,-10.6
2005,03,01,1856,0.0,-3.3
2005,03,02,1857,-2.2,-7.8
2005,03,03,1858,-5.0,-11.1
2005,03,04,1859,-3.3,-11.7
2005,03,05,1860,1.7,-10.6
2005,03,06,1861,3.9,-2.2
2005,03,07,1862,11.1,-1.7
2005,03,08,1863,15.6,-7.8
2005,03,09,1864,-5.0,-11.1
2005,03,10,1865,-4.4,-10.0
2005,03,11,1866,0.0,-8.9
2005,03,12,1867,1.7,-5.0
2005,03,13,1868,2.2,-3.3
2005,03,14,1869,1.1,-9.4
2005,03,15,1870,2.8,-8.9
2005,03,16,1871,5.0,-7.2
2005,03,17,1872,3.9,-3.9
2005,03,18,1873,10.0,-2.2
2005,03,19,1874,12.8,-1.7
2005,03,20,1875,12.2,2.2
2005,03,21,1876,5.6,0.0
2005,03,22,1877,3.9,-2.2
2005,03,23,1878,10.0,-1.1
2005,03,24,1879,7.2,-0.6
2005,03,25,1880,1.1,-0.6
2005,03,26,1881,5.6,1.1
2005,03,27,1882,7.8,0.6
2005,03,28,1883,11.7,1.1
2005,03,29,1884,10.0,3.3
2005,03,30,1885,14.4,3.3
2005,03,31,1886,23.3,3.3
2005,04,01,1887,22.8,4.4
2005,04,02,1888,11.1,4.4
2005,04,03,1889,9.4,-0.6
2005,04,04,1890,9.4,-0.6
2005,04,05,1891,15.0,2.8
2005,04,06,1892,25.0,4.4
2005,04,07,1893,26.1,13.9
2005,04,08,1894,19.4,7.8
2005,04,09,1895,17.8,6.1
2005,04,10,1896,20.6,6.1
2005,04,11,1897,23.3,7.2
2005,04,12,1898,21.1,3.9
2005,04,13,1899,14.4,2.8
2005,04,14,1900,16.7,3.9
2005,04,15,1901,18.3,5.0
2005,04,16,1902,17.2,3.3
2005,04,17,1903,19.4,3.9
2005,04,18,1904,21.7,7.2
2005,04,19,1905,23.9,10.0
2005,04,20,1906,25.6,13.3
2005,04,21,1907,25.6,5.0
2005,04,22,1908,12.8,6.7
2005,04,23,1909,16.7,7.8
2005,04,24,1910,12.8,-0.6
2005,04,25,1911,2.8,-0.6
2005,04,26,1912,13.9,-0.6
2005,04,27,1913,20.6,6.1
2005,04,28,1914,13.9,3.9
2005,04,29,1915,12.2,5.6
2005,04,30,1916,13.9,6.1
2005,05,01,1917,14.4,4.4
2005,05,02,1918,12.8,4.4
2005,05,03,1919,10.6,3.3
2005,05,04,1920,9.4,0.0
2005,05,05,1921,13.3,0.6
2005,05,06,1922,19.4,1.7
2005,05,07,1923,19.4,6.1
2005,05,08,1924,18.9,6.7
2005,05,09,1925,21.7,7.2
2005,05,10,1926,25.6,7.2
2005,05,11,1927,27.2,11.1
2005,05,12,1928,28.3,12.2
2005,05,13,1929,17.8,8.3
2005,05,14,1930,26.1,8.3
2005,05,15,1931,24.4,10.6
2005,05,16,1932,16.1,6.1
2005,05,17,1933,12.8,5.0
2005,05,18,1934,16.7,5.6
2005,05,19,1935,20.0,7.8
2005,05,20,1936,19.4,10.0
2005,05,21,1937,15.6,5.0
2005,05,22,1938,20.0,5.0
2005,05,23,1939,21.7,9.4
2005,05,24,1940,18.9,9.4
2005,05,25,1941,13.9,6.7
2005,05,26,1942,17.8,6.7
2005,05,27,1943,23.3,8.3
2005,05,28,1944,23.3,10.0
2005,05,29,1945,19.4,10.0
2005,05,30,1946,20.6,8.9
2005,05,31,1947,20.0,6.7
2005,06,01,1948,23.3,6.7
2005,06,02,1949,26.1,11.7
2005,06,03,1950,21.1,12.8
2005,06,04,1951,18.9,13.3
2005,06,05,1952,25.6,13.9
2005,06,06,1953,30.0,16.7
2005,06,07,1954,30.0,15.6
2005,06,08,1955,30.6,16.1
2005,06,09,1956,30.6,17.8
2005,06,10,1957,30.0,18.9
2005,06,11,1958,30.6,20.0
2005,06,12,1959,31.1,20.0
2005,06,13,1960,30.0,20.6
2005,06,14,1961,28.9,21.1
2005,06,15,1962,30.6,17.8
2005,06,16,1963,23.9,16.7
2005,06,17,1964,20.0,10.6
2005,06,18,1965,21.1,10.0
2005,06,19,1966,21.7,10.6
2005,06,20,1967,22.8,12.2
2005,06,21,1968,25.6,12.2
2005,06,22,1969,27.2,15.0
2005,06,23,1970,26.7,13.9
2005,06,24,1971,27.8,13.9
2005,06,25,1972,30.6,15.0
2005,06,26,1973,31.7,17.8
2005,06,27,1974,32.8,18.9
2005,06,28,1975,32.2,17.2
2005,06,29,1976,33.3,17.2
2005,06,30,1977,28.9,16.7
2005,07,01,1978,29.4,15.0
2005,07,02,1979,28.3,15.6
2005,07,03,1980,25.6,13.9
2005,07,04,1981,29.4,12.8
2005,07,05,1982,32.2,16.7
2005,07,06,1983,29.4,18.3
2005,07,07,1984,26.7,16.7
2005,07,08,1985,26.1,16.7
2005,07,09,1986,27.8,15.0
2005,07,10,1987,28.3,14.4
2005,07,11,1988,30.0,16.1
2005,07,12,1989,31.7,16.7
2005,07,13,1990,34.4,20.6
2005,07,14,1991,31.7,20.6
2005,07,15,1992,28.3,20.6
2005,07,16,1993,31.1,20.6
2005,07,17,1994,31.1,21.7
2005,07,18,1995,29.4,20.6
2005,07,19,1996,29.4,21.1
2005,07,20,1997,30.6,18.9
2005,07,21,1998,30.6,18.3
2005,07,22,1999,30.0,19.4
2005,07,23,2000,28.9,18.3
2005,07,24,2001,28.3,12.2
2005,07,25,2002,27.2,17.2
2005,07,26,2003,32.8,17.8
2005,07,27,2004,32.8,12.8
2005,07,28,2005,30.0,16.1
2005,07,29,2006,27.2,15.0
2005,07,30,2007,28.3,16.1
2005,07,31,2008,30.6,15.6
2005,08,01,2009,31.7,16.7
2005,08,02,2010,32.8,16.7
2005,08,03,2011,33.3,17.2
2005,08,04,2012,33.3,17.2
2005,08,05,2013,34.4,19.4
2005,08,06,2014,25.6,17.2
2005,08,07,2015,28.9,17.2
2005,08,08,2016,30.6,18.9
2005,08,09,2017,26.1,17.8
2005,08,10,2018,30.6,18.3
2005,08,11,2019,32.2,19.4
2005,08,12,2020,31.7,19.4
2005,08,13,2021,34.4,21.7
2005,08,14,2022,35.6,20.6
2005,08,15,2023,31.7,18.9
2005,08,16,2024,27.2,17.2
2005,08,17,2025,23.3,14.4
2005,08,18,2026,28.9,13.9
2005,08,19,2027,30.0,17.2
2005,08,20,2028,30.0,20.0
2005,08,21,2029,33.3,20.6
2005,08,22,2030,29.4,15.6
2005,08,23,2031,26.1,12.2
2005,08,24,2032,23.9,12.2
2005,08,25,2033,26.1,12.8
2005,08,26,2034,27.8,13.9
2005,08,27,2035,23.9,17.2
2005,08,28,2036,21.7,17.8
2005,08,29,2037,30.0,16.1
2005,08,30,2038,19.4,17.2
2005,08,31,2039,24.4,18.9
2005,09,01,2040,21.7,16.7
2005,09,02,2041,26.7,16.1
2005,09,03,2042,27.2,13.3
2005,09,04,2043,24.4,11.1
2005,09,05,2044,23.3,11.7
2005,09,06,2045,26.1,12.2
2005,09,07,2046,26.7,13.9
2005,09,08,2047,27.2,13.3
2005,09,09,2048,26.7,12.8
2005,09,10,2049,26.1,13.3
2005,09,11,2050,26.7,13.3
2005,09,12,2051,28.3,13.3
2005,09,13,2052,30.0,12.8
2005,09,14,2053,30.0,15.6
2005,09,15,2054,30.0,15.6
2005,09,16,2055,28.3,17.8
2005,09,17,2056,29.4,17.2
2005,09,18,2057,23.9,16.1
2005,09,19,2058,24.4,13.9
2005,09,20,2059,27.2,13.3
2005,09,21,2060,23.3,12.8
2005,09,22,2061,27.2,12.2
2005,09,23,2062,30.0,15.6
2005,09,24,2063,25.0,14.4
2005,09,25,2064,27.8,14.4
2005,09,26,2065,30.0,15.6
2005,09,27,2066,20.6,12.8
2005,09,28,2067,21.1,8.9
2005,09,29,2068,27.2,7.8
2005,09,30,2069,15.6,5.6
2005,10,01,2070,20.0,5.6
2005,10,02,2071,25.6,7.2
2005,10,03,2072,26.7,12.8
2005,10,04,2073,26.7,13.3
2005,10,05,2074,27.8,13.9
2005,10,06,2075,28.3,13.9
2005,10,07,2076,29.4,16.1
2005,10,08,2077,20.0,11.7
2005,10,09,2078,11.7,8.3
2005,10,10,2079,13.9,8.3
2005,10,11,2080,21.7,11.7
2005,10,12,2081,15.0,13.3
2005,10,13,2082,18.9,11.7
2005,10,14,2083,17.2,11.1
2005,10,15,2084,18.9,12.2
2005,10,16,2085,20.0,6.7
2005,10,17,2086,13.3,5.6
2005,10,18,2087,16.1,5.6
2005,10,19,2088,18.9,8.3
2005,10,20,2089,23.9,5.0
2005,10,21,2090,10.0,3.9
2005,10,22,2091,8.3,6.1
2005,10,23,2092,8.9,1.7
2005,10,24,2093,11.1,1.1
2005,10,25,2094,7.2,0.0
2005,10,26,2095,5.0,0.0
2005,10,27,2096,8.3,1.7
2005,10,28,2097,7.2,1.7
2005,10,29,2098,8.9,1.1
2005,10,30,2099,10.6,1.1
2005,10,31,2100,15.0,2.2
2005,11,01,2101,18.3,5.0
2005,11,02,2102,16.1,5.0
2005,11,03,2103,11.7,5.0
2005,11,04,2104,19.4,6.7
2005,11,05,2105,20.0,12.8
2005,11,06,2106,21.7,11.7
2005,11,07,2107,22.8,5.0
2005,11,08,2108,13.9,4.4
2005,11,09,2109,15.0,7.8
2005,11,10,2110,21.1,5.6
2005,11,11,2111,6.7,1.1
2005,11,12,2112,9.4,0.6
2005,11,13,2113,16.7,2.8
2005,11,14,2114,15.6,4.4
2005,11,15,2115,12.2,3.9
2005,11,16,2116,21.7,11.1
2005,11,17,2117,15.0,-2.8
2005,11,18,2118,-1.1,-7.8
2005,11,19,2119,0.6,-8.3
2005,11,20,2120,9.4,-3.3
2005,11,21,2121,12.8,2.2
2005,11,22,2122,11.7,2.2
2005,11,23,2123,4.4,-6.1
2005,11,24,2124,1.7,-6.1
2005,11,25,2125,1.7,-12.2
2005,11,26,2126,-3.9,-11.7
2005,11,27,2127,7.2,-5.0
2005,11,28,2128,15.0,5.6
2005,11,29,2129,21.1,9.4
2005,11,30,2130,12.2,2.2
2005,12,01,2131,2.2,-1.1
2005,12,02,2132,1.7,-2.8
2005,12,03,2133,-2.8,-8.9
2005,12,04,2134,-2.8,-7.8
2005,12,05,2135,-1.7,-4.4
2005,12,06,2136,-2.2,-8.9
2005,12,07,2137,-3.9,-10.6
2005,12,08,2138,-3.9,-12.8
2005,12,09,2139,0.6,-12.8
2005,12,10,2140,-3.3,-7.2
2005,12,11,2141,1.1,-7.8
2005,12,12,2142,0.0,-4.4
2005,12,13,2143,-2.8,-12.8
2005,12,14,2144,-3.9,-12.2
2005,12,15,2145,-2.2,-11.1
2005,12,16,2146,1.1,-2.8
2005,12,17,2147,0.6,-5.0
2005,12,18,2148,1.1,-6.1
2005,12,19,2149,2.2,-8.3
2005,12,20,2150,-6.7,-14.4
2005,12,21,2151,-4.4,-16.7
2005,12,22,2152,-1.1,-10.6
2005,12,23,2153,1.1,-3.9
2005,12,24,2154,6.7,-0.6
2005,12,25,2155,10.6,3.9
2005,12,26,2156,6.1,-0.6
2005,12,27,2157,0.6,-1.1
2005,12,28,2158,7.2,-1.1
2005,12,29,2159,13.9,6.1
2005,12,30,2160,6.1,0.0
2005,12,31,2161,2.2,0.0
2006,01,01,2162,5.0,0.6
2006,01,02,2163,5.0,0.6
2006,01,03,2164,8.3,2.8
2006,01,04,2165,5.6,3.9
2006,01,05,2166,10.6,1.7
2006,01,06,2167,2.2,-3.3
2006,01,07,2168,-2.2,-6.7
2006,01,08,2169,2.2,-5.0
2006,01,09,2170,13.3,-0.6
2006,01,10,2171,12.8,1.7
2006,01,11,2172,11.1,1.1
2006,01,12,2173,15.0,1.1
2006,01,13,2174,12.8,1.7
2006,01,14,2175,20.0,1.1
2006,01,15,2176,1.1,-7.8
2006,01,16,2177,-1.1,-6.7
2006,01,17,2178,5.6,-6.1
2006,01,18,2179,13.9,-0.6
2006,01,19,2180,0.0,-3.9
2006,01,20,2181,12.8,-2.8
2006,01,21,2182,14.4,8.9
2006,01,22,2183,11.1,-5.6
2006,01,23,2184,6.7,-5.6
2006,01,24,2185,4.4,-3.3
2006,01,25,2186,6.1,-3.3
2006,01,26,2187,-1.1,-5.6
2006,01,27,2188,-1.7,-7.8
2006,01,28,2189,6.1,-6.7
2006,01,29,2190,12.8,5.0
2006,01,30,2191,12.2,5.6
2006,01,31,2192,11.1,0.0
2006,02,01,2193,1.1,-2.2
2006,02,02,2194,6.1,-2.2
2006,02,03,2195,10.6,3.3
2006,02,04,2196,6.7,1.7
2006,02,05,2197,10.0,-3.3
2006,02,06,2198,-1.7,-5.0
2006,02,07,2199,0.6,-5.6
2006,02,08,2200,-1.7,-5.6
2006,02,09,2201,-1.1,-8.9
2006,02,10,2202,-2.2,-9.4
2006,02,11,2203,1.7,-6.1
2006,02,12,2204,0.6,-5.0
2006,02,13,2205,-1.7,-8.3
2006,02,14,2206,-2.8,-6.7
2006,02,15,2207,7.8,-3.3
2006,02,16,2208,13.9,4.4
2006,02,17,2209,18.3,3.9
2006,02,18,2210,3.9,-6.7
2006,02,19,2211,-5.6,-16.1
2006,02,20,2212,-5.6,-16.1
2006,02,21,2213,0.0,-8.3
2006,02,22,2214,4.4,-3.3
2006,02,23,2215,7.2,-2.2
2006,02,24,2216,7.8,-3.9
2006,02,25,2217,7.8,-5.0
2006,02,26,2218,11.7,-8.9
2006,02,27,2219,-3.3,-8.9
2006,02,28,2220,-2.2,-7.2
2006,03,01,2221,1.1,-7.8
2006,03,02,2222,5.6,-3.3
2006,03,03,2223,5.6,-8.3
2006,03,04,2224,-1.7,-7.8
2006,03,05,2225,2.8,-6.7
2006,03,06,2226,5.6,-5.0
2006,03,07,2227,4.4,-6.1
2006,03,08,2228,6.1,-6.1
2006,03,09,2229,8.9,-2.8
2006,03,10,2230,18.9,8.3
2006,03,11,2231,13.9,2.8
2006,03,12,2232,13.9,2.8
2006,03,13,2233,16.7,5.0
2006,03,14,2234,23.9,2.2
2006,03,15,2235,3.3,-2.8
2006,03,16,2236,6.1,-2.8
2006,03,17,2237,8.3,-3.3
2006,03,18,2238,6.1,-6.7
2006,03,19,2239,3.3,-8.3
2006,03,20,2240,6.7,-5.0
2006,03,21,2241,2.8,-6.1
2006,03,22,2242,-1.1,-6.1
2006,03,23,2243,0.6,-5.6
2006,03,24,2244,5.6,-1.1
2006,03,25,2245,3.9,-2.8
2006,03,26,2246,5.0,-2.2
2006,03,27,2247,4.4,-2.2
2006,03,28,2248,10.6,-2.8
2006,03,29,2249,8.9,3.9
2006,03,30,2250,15.0,2.2
2006,03,31,2251,20.6,2.2
2006,04,01,2252,24.4,11.1
2006,04,02,2253,12.8,6.7
2006,04,03,2254,12.8,6.7
2006,04,04,2255,20.0,-0.6
2006,04,05,2256,11.1,-2.2
2006,04,06,2257,5.0,-1.7
2006,04,07,2258,15.0,0.6
2006,04,08,2259,23.9,2.2
2006,04,09,2260,8.3,-3.3
2006,04,10,2261,10.6,-2.8
2006,04,11,2262,17.2,2.2
2006,04,12,2263,23.9,6.1
2006,04,13,2264,24.4,12.2
2006,04,14,2265,23.3,11.7
2006,04,15,2266,19.4,13.3
2006,04,16,2267,22.8,5.6
2006,04,17,2268,17.8,6.1
2006,04,18,2269,17.2,6.1
2006,04,19,2270,18.9,5.6
2006,04,20,2271,21.1,8.9
2006,04,21,2272,25.0,9.4
2006,04,22,2273,22.2,13.3
2006,04,23,2274,20.6,7.2
2006,04,24,2275,18.9,4.4
2006,04,25,2276,16.7,7.8
2006,04,26,2277,17.2,-1.1
2006,04,27,2278,13.9,-1.1
2006,04,28,2279,20.0,3.9
2006,04,29,2280,16.7,3.9
2006,07,02,2325,27.8,14.4
2006,07,03,2326,30.6,18.9
2006,07,04,2327,27.8,18.9
2006,07,05,2328,23.9,18.3
2006,07,06,2329,23.9,10.6
2006,07,07,2330,21.1,11.1
2006,07,08,2331,24.4,11.7
2006,07,09,2332,26.1,13.9
2006,07,10,2333,25.6,16.1
2006,07,11,2334,27.2,17.2
2006,07,12,2335,28.9,20.0
2006,07,13,2336,27.8,20.0
2006,07,14,2337,25.6,19.4
2006,07,15,2338,29.4,20.0
2006,07,16,2339,28.9,18.9
2006,07,17,2340,31.7,19.4
2006,07,18,2341,32.8,20.0
2006,07,19,2342,30.0,19.4
2006,07,20,2343,30.6,19.4
2006,07,21,2344,31.7,21.1
2006,07,22,2345,29.4,20.6
2006,07,23,2346,23.3,14.4
2006,07,24,2347,25.6,14.4
2006,07,25,2348,28.3,14.4
2006,07,26,2349,30.0,15.6
2006,07,27,2350,30.0,18.3
2006,07,28,2351,28.3,22.2
2006,07,29,2352,27.2,20.6
2006,07,30,2353,28.3,21.1
2006,07,31,2354,30.6,18.9
2006,08,01,2355,32.2,20.6
2006,08,02,2356,32.8,23.3
2006,08,03,2357,33.3,23.9
2006,08,04,2358,33.3,20.0
2006,08,05,2359,26.7,16.7
2006,08,06,2360,28.9,17.2
2006,08,07,2361,30.6,18.9
2006,08,08,2362,31.1,20.0
2006,08,09,2363,26.1,14.4
2006,08,10,2364,28.9,14.4
2006,08,11,2365,26.7,16.1
2006,08,12,2366,26.1,12.8
2006,08,13,2367,26.7,10.0
2006,08,14,2368,27.8,11.1
2006,08,15,2369,30.0,15.6
2006,08,16,2370,26.7,14.4
2006,08,17,2371,27.2,12.8
2006,08,19,2373,30.0,15.0
2006,08,20,2374,28.3,20.6
2006,08,21,2375,26.1,13.3
2006,08,22,2376,25.6,13.3
2006,08,23,2377,27.2,13.9
2006,08,24,2378,27.2,15.0
2006,08,25,2379,26.7,16.1
2006,08,26,2380,31.1,17.2
2006,08,27,2381,31.1,18.9
2006,08,28,2382,26.7,20.0
2006,08,29,2383,25.0,19.4
2006,08,30,2384,27.8,17.8
2006,08,31,2385,22.8,17.8
2006,09,01,2386,21.7,15.6
2006,09,02,2387,17.8,11.7
2006,09,03,2388,15.0,11.7
2006,09,04,2389,18.3,10.6
2006,09,05,2390,21.7,11.7
2006,09,06,2391,20.0,15.0
2006,09,07,2392,23.3,11.1
2006,09,08,2393,24.4,10.6
2006,09,09,2394,26.1,12.2
2006,09,10,2395,26.1,13.3
2006,09,11,2396,23.9,13.3
2006,09,12,2397,25.0,13.9
2006,09,13,2398,18.3,15.0
2006,09,14,2399,17.8,15.0
2006,09,15,2400,20.0,14.4
2006,09,16,2401,20.0,13.3
2006,09,17,2402,21.7,11.7
2006,09,18,2403,25.0,11.7
2006,09,19,2404,27.8,13.9
2006,09,20,2405,21.1,10.0
2006,09,21,2406,13.3,6.1
2006,09,22,2407,17.8,6.1
2006,09,23,2408,20.6,8.3
2006,09,24,2409,23.3,17.8
2006,09,25,2410,22.2,11.1
2006,09,26,2411,18.3,10.0
2006,09,27,2412,20.6,10.0
2006,09,28,2413,22.2,11.1
2006,09,29,2414,13.9,7.2
2006,09,30,2415,13.9,5.6
2006,10,01,2416,14.4,6.7
2006,10,02,2417,17.8,8.9
2006,10,03,2418,21.7,10.0
2006,10,04,2419,24.4,12.8
2006,10,05,2420,25.6,11.7
2006,10,06,2421,12.2,5.6
2006,10,07,2422,14.4,3.9
2006,10,08,2423,16.7,4.4
2006,10,09,2424,23.3,8.3
2006,10,10,2425,23.9,11.1
2006,10,11,2426,23.3,10.6
2006,10,12,2427,16.1,7.8
2006,10,13,2428,8.3,-0.6
2006,10,14,2429,10.0,-1.1
2006,10,15,2430,10.0,1.1
2006,10,16,2431,12.2,1.1
2006,10,17,2432,15.0,3.3
2006,10,18,2433,18.3,8.3
2006,10,19,2434,14.4,9.4
2006,10,20,2435,22.8,7.2
2006,10,21,2436,8.3,3.9
2006,10,22,2437,13.3,3.9
2006,10,23,2438,13.9,2.8
2006,10,24,2439,4.4,0.6
2006,10,25,2440,4.4,0.6
2006,10,26,2441,7.2,0.6
2006,10,27,2442,8.9,0.6
2006,10,28,2443,11.1,5.0
2006,10,29,2444,8.3,1.1
2006,10,30,2445,10.0,2.2
2006,10,31,2446,20.0,2.8
2006,11,01,2447,18.9,5.0
2006,11,02,2448,10.0,0.0
2006,11,03,2449,5.6,-5.0
2006,11,04,2450,2.8,-5.0
2006,11,05,2451,4.4,-4.4
2006,11,06,2452,11.7,1.7
2006,11,07,2453,16.1,5.6
2006,11,08,2454,16.1,5.6
2006,11,09,2455,15.0,8.9
2006,11,10,2456,17.8,8.3
2006,11,11,2457,17.2,8.3
2006,11,12,2458,17.8,2.8
2006,11,13,2459,3.9,2.2
2006,11,14,2460,5.0,2.2
2006,11,15,2461,6.1,0.6
2006,11,16,2462,14.4,0.6
2006,11,17,2463,18.3,4.4
2006,11,18,2464,4.4,1.7
2006,11,19,2465,5.6,1.7
2006,11,20,2466,5.0,-0.6
2006,11,21,2467,2.2,-4.4
2006,11,22,2468,4.4,-6.1
2006,11,23,2469,8.3,-2.2
2006,11,24,2470,11.1,-1.1
2006,11,25,2471,13.9,-1.1
2006,11,26,2472,18.9,1.7
2006,11,27,2473,18.3,7.2
2006,11,28,2474,17.8,6.7
2006,11,29,2475,18.3,6.1
2006,11,30,2476,16.1,13.3
2006,12,01,2477,19.4,12.2
2006,12,02,2478,21.1,-2.2
2006,12,03,2479,1.7,-3.9
2006,12,04,2480,6.7,-7.2
2006,12,05,2481,-3.3,-7.8
2006,12,06,2482,-1.1,-5.0
2006,12,07,2483,10.0,-1.7
2006,12,08,2484,0.6,-9.4
2006,12,09,2485,-5.6,-10.0
2006,12,10,2486,1.7,-7.2
2006,12,11,2487,10.0,1.1
2006,12,12,2488,13.3,2.2
2006,12,13,2489,16.7,2.2
2006,12,14,2490,13.3,5.6
2006,12,15,2491,15.0,5.0
2006,12,16,2492,12.8,0.0
2006,12,17,2493,11.1,-0.6
2006,12,18,2494,15.6,11.1
2006,12,19,2495,14.4,-2.2
2006,12,20,2496,3.9,-3.9
2006,12,21,2497,8.9,-4.4
2006,12,22,2498,8.3,3.3
2006,12,23,2499,11.7,5.0
2006,12,24,2500,7.8,2.8
2006,12,25,2501,5.6,-2.2
2006,12,26,2502,8.3,0.6
2006,12,27,2503,7.8,-0.6
2006,12,28,2504,3.9,-1.1
2006,12,29,2505,7.2,-1.1
2006,12,30,2506,11.7,-0.6
2006,12,31,2507,11.1,1.7
2007,01,01,2508,13.3,3.3
2007,01,02,2509,10.0,0.0
2007,01,03,2510,5.0,-1.7
2007,01,04,2511,10.0,-1.7
2007,01,05,2512,13.9,2.8
2007,01,06,2513,15.6,11.1
2007,01,07,2514,12.2,-1.1
2007,01,08,2515,10.6,-0.6
2007,01,09,2516,3.9,-1.7
2007,01,10,2517,1.1,-6.1
2007,01,11,2518,-2.2,-7.2
2007,01,12,2519,7.8,-7.8
2007,01,13,2520,11.1,7.2
2007,01,14,2521,11.7,6.1
2007,01,15,2522,12.8,5.6
2007,01,16,2523,13.3,0.0
2007,01,17,2524,0.0,-9.4
2007,01,18,2525,-2.8,-10.0
2007,01,19,2526,1.7,-8.9
2007,01,20,2527,-1.1,-7.2
2007,01,21,2528,-3.3,-9.4
2007,01,22,2529,0.6,-7.8
2007,01,23,2530,0.6,-4.4
2007,01,24,2531,-1.7,-4.4
2007,01,25,2532,-1.1,-5.6
2007,01,26,2533,-4.4,-15.0
2007,01,27,2534,2.8,-12.8
2007,01,28,2535,3.9,-2.8
2007,01,29,2536,-2.2,-12.8
2007,01,30,2537,-5.6,-12.8
2007,01,31,2538,-2.8,-12.8
2007,02,01,2539,-6.1,-12.8
2007,02,02,2540,-1.7,-7.8
2007,02,03,2541,-1.1,-16.1
2007,02,04,2542,-4.4,-16.7
2007,02,05,2543,-9.4,-20.0
2007,02,06,2544,-13.9,-20.6
2007,02,07,2545,-12.2,-20.6
2007,02,08,2546,-8.9,-16.7
2007,02,09,2547,-8.3,-17.2
2007,02,10,2548,-6.7,-16.1
2007,02,11,2549,-7.8,-15.0
2007,02,12,2550,-3.3,-14.4
2007,02,13,2551,2.2,-7.8
2007,02,14,2552,-0.6,-3.3
2007,02,15,2553,-1.1,-16.1
2007,02,16,2554,-10.6,-16.7
2007,02,17,2555,-7.2,-13.9
2007,02,18,2556,-2.2,-12.8
2007,02,19,2557,-4.4,-12.2
2007,02,20,2558,6.1,-12.2
2007,02,21,2559,7.8,0.6
2007,02,22,2560,6.7,-1.1
2007,02,23,2561,2.2,-5.6
2007,02,24,2562,-2.8,-13.3
2007,02,25,2563,0.0,-13.3
2007,02,26,2564,8.3,0.0
2007,02,27,2565,2.2,-1.1
2007,02,28,2566,2.2,-1.1
2007,03,01,2567,4.4,-1.7
2007,03,02,2568,12.8,0.0
2007,03,03,2569,10.0,0.0
2007,03,04,2570,6.1,-5.6
2007,03,05,2571,-2.2,-5.6
2007,03,06,2572,1.1,-13.3
2007,03,07,2573,-5.0,-13.3
2007,03,08,2574,-2.2,-13.3
2007,03,09,2575,1.7,-12.8
2007,03,10,2576,14.4,-6.1
2007,03,11,2577,15.0,0.0
2007,03,12,2578,8.9,-2.2
2007,03,13,2579,11.1,-3.3
2007,03,14,2580,22.2,9.4
2007,03,15,2581,17.2,6.7
2007,03,16,2582,6.7,0.0
2007,03,17,2583,0.6,-7.8
2007,03,18,2584,-0.6,-7.8
2007,03,19,2585,1.7,-6.7
2007,03,20,2586,8.9,-4.4
2007,03,21,2587,7.2,-1.1
2007,03,22,2588,19.4,-1.1
2007,03,23,2589,21.1,13.3
2007,03,24,2590,13.9,5.0
2007,03,25,2591,20.0,6.1
2007,03,26,2592,20.6,4.4
2007,03,27,2593,26.1,10.6
2007,03,28,2594,23.9,10.6
2007,03,29,2595,18.9,2.8
2007,03,30,2596,15.6,2.2
2007,03,31,2597,20.6,3.3
2007,04,01,2598,18.3,7.8
2007,04,02,2599,19.4,10.6
2007,04,03,2600,21.1,10.6
2007,04,04,2601,26.1,9.4
2007,04,05,2602,14.4,-3.9
2007,04,06,2603,-1.1,-5.0
2007,04,07,2604,1.1,-6.7
2007,04,08,2605,-0.6,-6.1
2007,04,09,2606,0.6,-5.0
2007,04,10,2607,3.3,-2.2
2007,04,11,2608,7.2,-2.8
2007,04,12,2609,13.3,0.0
2007,04,13,2610,12.2,1.1
2007,04,14,2611,10.0,1.1
2007,04,15,2612,6.7,1.7
2007,04,16,2613,2.8,0.0
2007,04,17,2614,6.7,0.0
2007,04,18,2615,10.6,2.8
2007,04,19,2616,7.2,3.3
2007,04,20,2617,13.9,5.6
2007,04,21,2618,19.4,6.1
2007,04,22,2619,22.2,8.3
2007,04,23,2620,25.6,9.4
2007,04,24,2621,25.0,11.7
2007,04,25,2622,20.0,8.9
2007,04,26,2623,10.6,7.2
2007,04,27,2624,22.2,7.2
2007,04,28,2625,19.4,8.9
2007,04,29,2626,12.2,8.3
2007,04,30,2627,20.6,9.4
2007,05,01,2628,22.8,10.0
2007,05,02,2629,29.4,9.4
2007,05,03,2630,20.0,9.4
2007,05,04,2631,21.1,7.8
2007,05,05,2632,22.8,7.8
2007,05,06,2633,18.3,6.1
2007,05,07,2634,16.7,5.6
2007,05,08,2635,22.2,4.4
2007,05,09,2636,26.1,8.9
2007,05,10,2637,28.3,12.8
2007,05,11,2638,26.1,13.9
2007,05,12,2639,25.0,13.3
2007,05,13,2640,26.7,5.6
2007,05,14,2641,19.4,5.0
2007,05,15,2642,22.8,5.0
2007,05,16,2643,28.3,15.0
2007,05,17,2644,17.8,7.2
2007,05,18,2645,13.9,6.7
2007,05,19,2646,15.6,4.4
2007,05,20,2647,19.4,5.0
2007,05,21,2648,22.8,7.2
2007,05,22,2649,20.0,7.8
2007,05,23,2650,27.2,8.9
2007,05,24,2651,29.4,13.3
2007,05,25,2652,29.4,16.7
2007,05,26,2653,28.3,15.0
2007,05,27,2654,27.8,15.0
2007,05,28,2655,28.9,16.1
2007,05,29,2656,26.1,14.4
2007,05,30,2657,27.8,13.9
2007,05,31,2658,30.6,14.4
2007,06,01,2659,30.6,16.1
2007,06,02,2660,30.6,17.2
2007,06,03,2661,30.6,18.3
2007,06,04,2662,25.0,15.6
2007,06,05,2663,24.4,14.4
2007,06,06,2664,21.1,6.7
2007,06,07,2665,21.1,6.7
2007,06,12,2670,32.2,11.1
2007,06,13,2671,28.3,13.9
2007,06,14,2672,30.0,12.2
2007,06,15,2673,23.3,11.1
2007,06,16,2674,23.9,10.6
2007,06,17,2675,25.0,11.1
2007,06,18,2676,31.7,16.7
2007,06,19,2677,32.2,17.8
2007,06,20,2678,29.4,15.0
2007,06,21,2679,23.9,12.2
2007,06,22,2680,27.8,10.6
2007,06,23,2681,22.2,8.3
2007,06,24,2682,21.1,10.6
2007,06,25,2683,25.0,11.1
2007,06,26,2684,28.3,18.3
2007,06,27,2685,31.1,20.6
2007,06,28,2686,31.7,18.3
2007,06,29,2687,26.7,16.7
2007,06,30,2688,22.2,13.3
2007,07,01,2689,23.3,12.8
2007,07,02,2690,22.8,9.4
2007,07,03,2691,23.3,10.0
2007,07,04,2692,26.7,12.8
2007,07,05,2693,25.6,17.2
2007,07,06,2694,22.8,17.2
2007,07,07,2695,27.2,15.0
2007,07,08,2696,28.3,17.2
2007,07,09,2697,30.6,18.9
2007,07,10,2698,31.7,18.9
2007,07,11,2699,31.1,18.9
2007,07,12,2700,25.0,12.8
2007,07,13,2701,25.0,12.8
2007,07,14,2702,24.4,12.8
2007,07,15,2703,27.2,14.4
2007,07,16,2704,28.3,15.6
2007,07,17,2705,26.7,15.6
2007,07,18,2706,28.9,16.1
2007,07,19,2707,26.7,19.4
2007,07,20,2708,25.0,13.3
2007,07,21,2709,22.8,10.6
2007,07,22,2710,23.3,12.8
2007,07,23,2711,25.0,13.3
2007,07,24,2712,25.0,13.3
2007,07,25,2713,21.7,13.3
2007,07,26,2714,25.6,13.9
2007,07,27,2715,28.3,16.1
2007,07,28,2716,23.9,17.2
2007,07,29,2717,26.7,18.9
2007,07,30,2718,28.3,17.8
2007,07,31,2719,28.9,17.2
2007,08,01,2720,29.4,17.2
2007,08,02,2721,31.1,18.3
2007,08,03,2722,31.7,19.4
2007,08,04,2723,31.1,19.4
2007,08,05,2724,31.1,18.3
2007,08,06,2725,31.1,18.3
2007,08,07,2726,30.0,21.7
2007,08,08,2727,30.6,22.2
2007,08,09,2728,31.1,21.7
2007,08,10,2729,31.7,20.0
2007,08,11,2730,26.1,15.6
2007,08,12,2731,27.2,15.0
2007,08,13,2732,28.9,16.7
2007,08,14,2733,27.2,12.8
2007,08,15,2734,25.6,12.2
2007,08,16,2735,27.8,17.2
2007,08,17,2736,28.3,18.3
2007,08,18,2737,27.2,11.7
2007,08,19,2738,21.7,12.2
2007,08,20,2739,17.8,14.4
2007,08,21,2740,23.9,15.0
2007,08,22,2741,27.2,18.9
2007,08,23,2742,28.9,21.1
2007,08,24,2743,32.8,21.7
2007,08,25,2744,33.3,21.7
2007,08,26,2745,30.0,18.3
2007,08,27,2746,25.6,14.4
2007,08,28,2747,27.2,13.9
2007,08,29,2748,29.4,14.4
2007,08,30,2749,31.1,17.2
2007,08,31,2750,26.7,17.2
2007,09,01,2751,23.9,11.7
2007,09,02,2752,25.0,12.2
2007,09,03,2753,27.2,12.8
2007,09,04,2754,27.8,15.0
2007,09,05,2755,29.4,15.6
2007,09,06,2756,29.4,17.2
2007,09,07,2757,31.7,17.8
2007,09,08,2758,31.1,20.6
2007,09,09,2759,30.6,20.0
2007,09,10,2760,24.4,18.3
2007,09,11,2761,26.1,17.8
2007,09,12,2762,21.7,12.2
2007,09,13,2763,20.0,8.9
2007,09,14,2764,24.4,8.9
2007,09,15,2765,23.9,8.9
2007,09,16,2766,14.4,3.9
2007,09,17,2767,16.7,3.9
2007,09,18,2768,21.7,5.6
2007,09,19,2769,24.4,7.8
2007,09,20,2770,26.7,10.6
2007,09,21,2771,27.8,12.8
2007,09,22,2772,27.8,13.3
2007,09,23,2773,29.4,13.9
2007,09,24,2774,25.6,10.6
2007,09,25,2775,28.9,9.4
2007,09,26,2776,31.1,17.8
2007,09,27,2777,28.3,17.2
2007,09,28,2778,22.2,11.1
2007,09,29,2779,20.0,7.8
2007,09,30,2780,20.6,7.8
2007,10,01,2781,23.9,7.8
2007,10,02,2782,25.6,11.1
2007,10,03,2783,25.6,13.9
2007,10,04,2784,27.2,14.4
2007,10,05,2785,30.0,13.9
2007,10,06,2786,28.9,17.2
2007,10,07,2787,30.6,17.8
2007,10,08,2788,29.4,18.3
2007,10,09,2789,30.6,17.8
2007,10,10,2790,27.8,12.2
2007,10,11,2791,16.7,6.7
2007,10,12,2792,9.4,6.7
2007,10,13,2793,11.7,4.4
2007,10,14,2794,13.9,4.4
2007,10,15,2795,16.1,5.6
2007,10,16,2796,21.7,5.6
2007,10,17,2797,24.4,10.0
2007,10,18,2798,24.4,10.0
2007,10,19,2799,23.3,15.6
2007,10,20,2800,19.4,11.7
2007,10,21,2801,18.3,8.9
2007,10,22,2802,25.6,8.3
2007,10,23,2803,24.4,11.1
2007,10,24,2804,21.1,3.9
2007,10,25,2805,10.6,8.3
2007,10,27,2807,12.8,5.6
2007,10,28,2808,13.9,-2.8
2007,10,29,2809,10.0,0.0
2007,10,30,2810,12.2,-1.1
2007,10,31,2811,17.2,1.7
2007,11,01,2812,19.4,2.8
2007,11,02,2813,12.2,-0.6
2007,11,03,2814,11.7,-1.7
2007,11,04,2815,12.8,-1.1
2007,11,05,2816,10.0,1.7
2007,11,06,2817,15.0,1.1
2007,11,07,2818,5.6,1.1
2007,11,08,2819,5.0,-2.8
2007,11,09,2820,8.3,-2.8
2007,11,10,2821,10.6,2.8
2007,11,11,2822,6.1,-1.7
2007,11,12,2823,6.1,-1.7
2007,11,13,2824,15.6,1.1
2007,11,14,2825,15.0,7.2
2007,11,15,2826,15.6,0.0
2007,11,16,2827,6.1,-2.8
2007,11,17,2828,2.8,-1.7
2007,11,18,2829,5.6,-1.1
2007,11,19,2830,3.9,0.0
2007,11,20,2831,13.3,-1.1
2007,11,21,2832,15.0,6.1
2007,11,22,2833,19.4,13.3
2007,11,23,2834,17.2,-2.8
2007,11,24,2835,1.1,-7.2
2007,11,25,2836,2.2,-7.8
2007,11,26,2837,7.8,-2.2
2007,11,27,2838,15.0,0.6
2007,11,28,2839,6.7,-5.6
2007,11,29,2840,8.9,-5.6
2007,11,30,2841,8.9,-5.6
2007,12,01,2842,5.0,-8.3
2007,12,02,2843,3.3,-10.0
2007,12,03,2844,11.7,-2.2
2007,12,04,2845,-0.6,-5.0
2007,12,05,2846,-2.2,-6.1
2007,12,06,2847,-4.4,-16.7
2007,12,07,2848,-3.3,-11.7
2007,12,08,2849,1.1,-4.4
2007,12,09,2850,2.2,-0.6
2007,12,10,2851,4.4,-0.6
2007,12,11,2852,4.4,-0.6
2007,12,12,2853,17.8,2.2
2007,12,13,2854,4.4,-1.1
2007,12,14,2855,4.4,-0.6
2007,12,15,2856,0.6,-2.8
2007,12,16,2857,2.8,-2.8
2007,12,17,2858,4.4,-5.0
2007,12,18,2859,-3.9,-7.8
2007,12,19,2860,2.2,-7.8
2007,12,20,2861,3.9,-1.7
2007,12,21,2862,2.8,-3.9
2007,12,22,2863,6.1,-0.6
2007,12,23,2864,11.7,2.8
2007,12,24,2865,12.2,-2.2
2007,12,25,2866,3.3,-4.4
2007,12,26,2867,5.6,-3.3
2007,12,27,2868,5.0,-1.7
2007,12,28,2869,3.9,0.6
2007,12,29,2870,11.7,0.0
2007,12,30,2871,4.4,-3.3
2007,12,31,2872,1.7,-3.3
2008,01,01,2873,5.6,-0.6
2008,01,02,2874,0.6,-10.0
2008,01,03,2875,-3.9,-10.6
2008,01,04,2876,-7.2,-15.6
2008,01,05,2877,1.7,-12.8
2008,01,06,2878,7.2,0.0
2008,01,07,2879,13.3,5.0
2008,01,08,2880,17.2,7.2
2008,01,09,2881,20.0,8.3
2008,01,10,2882,8.9,-0.6
2008,01,11,2883,12.8,-1.1
2008,01,12,2884,8.3,-2.8
2008,01,13,2885,6.1,-4.4
2008,01,14,2886,4.4,-1.1
2008,01,15,2887,-1.1,-5.6
2008,01,16,2888,-4.4,-9.4
2008,01,17,2889,-0.6,-5.6
2008,01,18,2890,3.3,-2.8
2008,01,19,2891,-0.6,-6.1
2008,01,20,2892,-2.8,-22.2
2008,01,21,2893,-11.1,-16.1
2008,01,22,2894,-2.2,-14.4
2008,01,23,2895,1.7,-16.1
2008,01,24,2896,-3.3,-15.0
2008,01,25,2897,-3.9,-20.0
2008,01,26,2898,-5.6,-20.0
2008,01,27,2899,-1.7,-7.8
2008,01,28,2900,-0.6,-12.8
2008,01,29,2901,6.1,-13.3
2008,01,30,2902,9.4,-12.2
2008,01,31,2903,-3.3,-17.2
2008,02,02,2905,1.7,-15.0
2008,02,03,2906,2.8,-8.9
2008,02,04,2907,7.8,-5.0
2008,02,05,2908,15.0,0.0
2008,02,06,2909,16.7,0.6
2008,02,07,2910,16.7,-5.0
2008,02,09,2911,0.0,-5.0
2008,02,10,2912,7.8,-5.6
2008,02,11,2913,-1.7,-18.3
2008,02,12,2914,-7.8,-16.7
2008,02,13,2915,5.6,-10.6
2008,02,14,2916,-1.7,-10.0
2008,02,15,2917,2.2,-10.0
2008,02,16,2918,2.2,-6.7
2008,02,17,2919,4.4,-6.7
2008,02,18,2920,15.6,2.8
2008,02,19,2921,4.4,-6.1
2008,02,20,2922,-4.4,-10.6
2008,02,21,2923,-6.1,-14.4
2008,02,22,2924,-3.3,-15.0
2008,02,23,2925,-0.6,-5.6
2008,02,24,2926,-2.8,-9.4
2008,02,25,2927,2.2,-7.2
2008,02,26,2928,0.0,-2.8
2008,02,27,2929,2.2,-7.2
2008,02,28,2930,-5.6,-11.7
2008,02,29,2931,-6.1,-11.7
2008,03,01,2932,3.3,-10.0
2008,03,02,2933,0.6,-10.0
2008,03,03,2934,10.0,-8.3
2008,03,04,2935,20.6,3.3
2008,03,05,2936,9.4,1.1
2008,03,06,2937,1.1,-1.7
2008,03,07,2938,8.3,-1.1
2008,03,08,2939,1.7,-2.2
2008,03,09,2940,-0.6,-10.0
2008,03,10,2941,-1.1,-9.4
2008,03,11,2942,7.2,-6.1
2008,03,12,2943,5.0,-2.2
2008,03,13,2944,6.1,-5.6
2008,03,14,2945,17.8,-3.3
2008,03,15,2946,10.6,-0.6
2008,03,16,2947,7.2,-1.7
2008,03,17,2948,1.7,-5.6
2008,03,18,2949,7.2,-6.1
2008,03,19,2950,8.9,1.7
2008,03,20,2951,15.6,-1.1
2008,03,21,2952,6.7,-3.9
2008,03,22,2953,6.7,-5.0
2008,03,23,2954,2.2,-6.7
2008,03,24,2955,5.0,-6.7
2008,03,25,2956,4.4,-5.0
2008,03,26,2957,10.6,-5.0
2008,03,27,2958,15.0,5.0
2008,03,28,2959,12.2,3.9
2008,03,29,2960,5.0,-4.4
2008,03,30,2961,6.1,-4.4
2008,03,31,2962,10.6,1.1
2008,04,01,2963,18.9,5.6
2008,04,02,2964,19.4,1.1
2008,04,03,2965,7.8,0.6
2008,04,04,2966,12.2,1.1
2008,04,05,2967,16.7,3.3
2008,04,06,2968,11.7,3.9
2008,04,07,2969,16.7,5.0
2008,04,08,2970,21.7,5.0
2008,04,09,2971,22.8,5.6
2008,04,10,2972,20.6,5.6
2008,04,11,2973,19.4,5.0
2008,04,12,2974,21.1,7.8
2008,04,13,2975,12.8,2.8
2008,04,14,2976,7.2,-1.7
2008,04,15,2977,8.3,-1.7
2008,04,16,2978,12.8,-0.6
2008,04,17,2979,19.4,3.3
2008,04,18,2980,23.9,8.9
2008,04,19,2981,26.1,10.6
2008,04,20,2982,25.0,8.9
2008,04,21,2983,25.0,8.9
2008,04,22,2984,19.4,10.6
2008,04,23,2985,21.1,10.6
2008,04,24,2986,23.3,9.4
2008,04,25,2987,22.8,9.4
2008,04,26,2988,26.1,13.3
2008,04,27,2989,26.1,7.2
2008,04,28,2990,19.4,6.7
2008,04,29,2991,10.0,4.4
2008,04,30,2992,11.7,3.3
2008,05,01,2993,13.3,3.3
2008,05,02,2994,23.9,5.6
2008,05,03,2995,26.1,15.6
2008,05,04,2996,20.6,7.8
2008,05,05,2997,16.7,4.4
2008,05,06,2998,21.1,4.4
2008,05,07,2999,23.3,4.4
2008,05,08,3000,25.6,12.2
2008,05,09,3001,17.2,12.8
2008,05,10,3002,17.2,7.2
2008,05,11,3003,18.3,6.7
2008,05,12,3004,15.6,6.7
2008,05,13,3005,8.9,3.9
2008,05,14,3006,18.3,3.9
2008,05,15,3007,16.7,5.6
2008,05,16,3008,18.3,2.2
2008,05,17,3009,13.3,0.6
2008,05,18,3010,20.0,2.2
2008,05,19,3011,17.2,3.3
2008,05,20,3012,14.4,1.7
2008,05,21,3013,14.4,2.2
2008,05,22,3014,14.4,6.7
2008,05,23,3015,15.0,0.6
2008,05,24,3016,17.8,0.6
2008,05,25,3017,18.9,5.6
2008,05,26,3018,23.9,4.4
2008,05,27,3019,27.8,13.3
2008,05,28,3020,25.6,4.4
2008,05,29,3021,18.9,2.2
2008,05,30,3022,22.8,5.6
2008,05,31,3023,26.7,6.7
2008,06,01,3024,26.7,13.3
2008,06,02,3025,23.9,8.3
2008,06,03,3026,24.4,6.1
2008,06,04,3027,24.4,6.1
2008,06,05,3028,22.8,8.3
2008,06,06,3029,30.0,12.2
2008,06,07,3030,31.1,15.0
2008,06,08,3031,31.1,15.6
2008,06,09,3032,31.1,15.6
2008,06,10,3033,31.7,20.0
2008,06,11,3034,27.8,14.4
2008,06,12,3035,27.8,15.0
2008,06,13,3036,29.4,16.1
2008,06,14,3037,29.4,17.2
2008,06,15,3038,21.1,5.6
2008,06,16,3039,27.2,10.6
2008,06,17,3040,24.4,12.8
2008,06,18,3041,18.9,11.7
2008,06,19,3042,19.4,8.3
2008,06,20,3043,20.0,8.9
2008,06,21,3044,26.1,12.2
2008,06,22,3045,26.7,13.9
2008,06,23,3046,26.1,13.3
2008,06,24,3047,25.0,11.1
2008,06,25,3048,24.4,11.7
2008,06,26,3049,27.2,15.6
2008,06,27,3050,29.4,18.3
2008,06,28,3051,27.8,18.9
2008,06,29,3052,27.2,16.7
2008,06,30,3053,26.1,15.6
2008,07,01,3054,22.2,13.9
2008,07,02,3055,23.3,13.9
2008,07,03,3056,26.1,14.4
2008,07,04,3057,23.3,16.7
2008,07,05,3058,20.0,13.9
2008,07,06,3059,23.9,8.9
2008,07,07,3060,28.3,17.8
2008,07,08,3061,26.1,11.7
2008,07,09,3062,29.4,17.2
2008,07,10,3063,27.2,11.1
2008,07,11,3064,26.1,11.7
2008,07,12,3065,28.3,13.9
2008,07,13,3066,30.0,16.1
2008,07,14,3067,26.1,12.8
2008,07,15,3068,26.1,7.8
2008,07,16,3069,27.8,15.0
2008,07,17,3070,30.0,15.6
2008,07,18,3071,30.6,18.3
2008,07,19,3072,31.1,18.3
2008,07,20,3073,30.6,18.9
2008,07,21,3074,30.0,18.3
2008,07,22,3075,28.9,14.4
2008,07,23,3076,26.7,12.8
2008,07,24,3077,25.0,10.6
2008,07,25,3078,25.6,13.9
2008,07,26,3079,27.8,16.1
2008,07,27,3080,27.8,17.2
2008,07,28,3081,26.1,16.7
2008,07,29,3082,26.7,15.6
2008,07,30,3083,29.4,15.6
2008,07,31,3084,26.1,18.3
2008,08,01,3085,28.3,14.4
2008,08,02,3086,28.3,15.0
2008,08,03,3087,26.7,15.0
2008,08,04,3088,26.1,14.4
2008,08,05,3089,27.2,15.0
2008,08,06,3090,26.1,18.9
2008,08,07,3091,27.8,18.3
2008,08,08,3092,26.7,13.3
2008,08,09,3093,23.9,11.7
2008,08,10,3094,25.6,12.8
2008,08,11,3095,23.3,12.2
2008,08,12,3096,22.2,8.3
2008,08,13,3097,25.0,11.7
2008,08,14,3098,27.2,12.8
2008,08,15,3099,23.3,13.3
2008,08,16,3100,23.9,11.7
2008,08,17,3101,25.6,12.2
2008,08,18,3102,27.2,13.3
2008,08,19,3103,28.3,14.4
2008,08,20,3104,26.7,12.2
2008,08,21,3105,27.2,12.2
2008,08,22,3106,31.1,14.4
2008,08,23,3107,30.0,16.1
2008,08,24,3108,30.0,15.0
2008,08,25,3109,31.1,18.9
2008,08,26,3110,25.6,12.2
2008,08,27,3111,26.1,12.2
2008,08,28,3112,21.7,13.3
2008,08,29,3113,20.0,8.3
2008,08,30,3114,26.7,15.0
2008,08,31,3115,27.2,12.8
2008,09,01,3116,27.2,8.3
2008,09,02,3117,28.3,10.0
2008,09,03,3118,30.0,13.3
2008,09,04,3119,27.8,15.0
2008,09,05,3120,31.1,14.4
2008,09,06,3121,31.1,16.7
2008,09,07,3122,23.9,10.6
2008,09,08,3123,25.0,5.6
2008,09,09,3124,26.7,13.9
2008,09,10,3125,18.3,9.4
2008,09,11,3126,20.6,5.6
2008,09,12,3127,22.8,11.1
2008,09,13,3128,21.7,10.0
2008,09,14,3129,27.2,4.4
2008,09,15,3130,30.6,9.4
2008,09,16,3131,21.1,0.6
2008,09,17,3132,20.6,2.2
2008,09,18,3133,21.7,3.9
2008,09,19,3134,19.4,8.9
2008,09,20,3135,23.3,3.9
2008,09,21,3136,23.9,10.6
2008,09,22,3137,23.9,11.7
2008,09,23,3138,18.9,11.1
2008,09,24,3139,23.3,-0.6
2008,09,25,3140,24.4,3.3
2008,09,26,3141,20.6,9.4
2008,09,27,3142,20.6,12.8
2008,09,28,3143,20.6,7.8
2008,09,29,3144,20.6,8.3
2008,09,30,3145,21.7,7.8
2008,10,01,3146,20.0,8.9
2008,10,02,3147,15.6,2.8
2008,10,03,3148,12.8,6.1
2008,10,04,3149,12.2,1.1
2008,10,05,3150,16.7,1.1
2008,10,06,3151,17.8,0.0
2008,10,07,3152,15.6,2.8
2008,10,08,3153,18.9,0.6
2008,10,09,3154,16.1,6.7
2008,10,10,3155,18.9,3.9
2008,10,11,3156,21.7,0.0
2008,10,12,3157,23.9,1.1
2008,10,13,3158,25.6,7.2
2008,10,14,3159,25.0,10.0
2008,10,15,3160,23.9,5.0
2008,10,16,3161,22.8,10.0
2008,10,17,3162,17.2,7.8
2008,10,18,3163,10.0,-0.6
2008,10,19,3164,10.6,-2.2
2008,10,20,3165,12.8,-0.6
2008,10,21,3166,16.7,0.6
2008,10,22,3167,10.6,-1.1
2008,10,23,3168,10.6,-1.1
2008,10,24,3169,13.9,-1.1
2008,10,25,3170,15.0,3.9
2008,10,26,3171,12.2,0.0
2008,10,27,3172,16.7,0.0
2008,10,28,3173,6.7,1.1
2008,10,29,3174,5.6,0.6
2008,10,30,3175,3.9,-1.1
2008,10,31,3176,10.0,-1.7
2008,11,01,3177,16.7,2.2
2008,11,02,3178,18.9,5.6
2008,11,03,3179,14.4,5.6
2008,11,04,3180,20.6,5.0
2008,11,05,3181,20.0,3.9
2008,11,06,3182,17.8,3.9
2008,11,07,3183,20.6,1.1
2008,11,08,3184,22.8,3.3
2008,11,09,3185,6.7,1.7
2008,11,10,3186,5.0,0.0
2008,11,11,3187,1.7,-3.9
2008,11,12,3188,5.6,-2.8
2008,11,13,3189,11.1,0.6
2008,11,14,3190,13.3,7.2
2008,11,15,3191,15.0,-1.1
2008,11,16,3192,10.6,0.6
2008,11,17,3193,1.7,-2.8
2008,11,18,3194,1.1,-7.2
2008,11,19,3195,-0.6,-9.4
2008,11,21,3197,-0.6,-7.8
2008,11,22,3198,1.1,-8.3
2008,11,23,3199,-2.8,-9.4
2008,11,24,3200,2.2,-8.3
2008,11,25,3201,7.2,-3.9
2008,11,26,3202,0.6,-1.7
2008,11,27,3203,0.6,-5.0
2008,11,28,3204,4.4,-5.0
2008,11,29,3205,3.9,-3.9
2008,11,30,3206,4.4,-5.0
2008,12,02,3207,3.9,-4.4
2008,12,03,3208,-1.1,-10.6
2008,12,04,3209,8.3,-11.1
2008,12,05,3210,6.1,-10.6
2008,12,06,3211,-4.4,-12.8
2008,12,07,3212,-2.8,-15.0
2008,12,08,3213,-6.7,-16.1
2008,12,09,3214,5.0,-14.4
2008,12,10,3215,13.3,1.7
2008,12,11,3216,11.1,-1.1
2008,12,12,3217,0.6,-2.8
2008,12,13,3218,-2.2,-15.0
2008,12,14,3219,0.0,-15.0
2008,12,15,3220,11.7,0.0
2008,12,16,3221,15.0,-9.4
2008,12,17,3222,4.4,-6.1
2008,12,18,3223,2.8,-2.2
2008,12,19,3224,2.8,-1.1
2008,12,20,3225,13.3,-3.9
2008,12,21,3226,0.0,-3.9
2008,12,22,3227,-0.6,-20.6
2008,12,23,3228,-10.6,-17.2
2008,12,24,3229,4.4,-13.3
2008,12,25,3230,13.3,-3.3
2008,12,26,3231,0.0,-9.4
2008,12,27,3232,12.2,-3.9
2008,12,28,3233,20.0,7.8
2008,12,29,3234,17.8,-2.2
2008,12,30,3235,6.1,-2.2
2008,12,31,3236,7.2,-2.8
2009,01,01,3237,-1.7,-11.1
2009,01,02,3238,3.9,-11.1
2009,01,03,3239,5.6,-6.7
2009,01,04,3240,1.7,-7.2
2009,01,05,3241,10.0,-5.0
2009,01,06,3242,0.6,-6.1
2009,01,07,3243,4.4,-6.1
2009,01,08,3244,5.0,-7.2
2009,01,09,3245,-4.4,-7.8
2009,01,10,3246,-3.9,-13.9
2009,01,11,3247,0.0,-10.0
2009,01,12,3248,-5.6,-13.3
2009,01,13,3249,-2.8,-11.1
2009,01,14,3250,1.1,-15.6
2009,01,15,3251,-7.8,-21.7
2009,01,16,3252,-11.7,-21.1
2009,01,17,3253,-13.9,-22.2
2009,01,18,3254,-0.6,-21.1
2009,01,19,3255,-0.6,-10.0
2009,01,20,3256,-6.7,-13.3
2009,01,21,3257,-6.7,-15.6
2009,01,22,3258,-6.7,-15.6
2009,01,23,3259,2.8,-8.3
2009,01,24,3260,10.0,-4.4
2009,01,25,3261,-4.4,-13.9
2009,01,26,3262,-8.3,-11.1
2009,01,27,3263,-5.6,-10.6
2009,01,28,3264,-0.6,-8.9
2009,01,29,3265,0.0,-7.8
2009,01,30,3266,-3.9,-7.2
2009,01,31,3267,-4.4,-15.0
2009,02,01,3268,2.8,-15.0
2009,02,02,3269,7.8,0.6
2009,02,03,3270,2.2,-5.6
2009,02,04,3271,-3.3,-10.6
2009,02,05,3272,-7.8,-17.8
2009,02,06,3273,-8.3,-17.8
2009,02,07,3274,6.7,-8.9
2009,02,08,3275,12.2,5.6
2009,02,09,3276,7.8,-4.4
2009,02,10,3277,9.4,-4.4
2009,02,11,3278,11.1,5.0
2009,02,13,3280,19.4,-1.7
2009,02,14,3281,3.9,-5.6
2009,02,15,3282,0.0,-8.9
2009,02,16,3283,-1.1,-9.4
2009,02,17,3284,-0.6,-10.0
2009,02,18,3285,3.3,-8.9
2009,02,19,3286,8.3,-1.1
2009,02,20,3287,0.6,-9.4
2009,02,21,3288,-3.9,-10.6
2009,02,22,3289,6.1,-7.8
2009,02,23,3290,-3.9,-8.3
2009,02,24,3291,-5.0,-12.8
2009,02,25,3292,-1.1,-13.3
2009,02,26,3293,10.6,-7.2
2009,02,27,3294,12.2,5.0
2009,02,28,3295,14.4,-6.7
2009,03,01,3296,-0.6,-6.7
2009,03,02,3297,0.0,-12.2
2009,03,03,3298,-7.2,-15.0
2009,03,04,3299,-3.9,-15.0
2009,03,05,3300,3.3,-12.2
2009,03,06,3301,14.4,-3.9
2009,03,07,3302,18.9,6.7
2009,03,08,3303,20.6,11.7
2009,03,09,3304,21.1,7.2
2009,03,10,3305,7.2,0.6
2009,03,11,3306,20.0,0.6
2009,03,12,3307,15.6,-3.3
2009,03,13,3308,0.6,-5.6
2009,03,14,3309,8.3,-6.1
2009,03,15,3310,10.6,-2.2
2009,03,16,3311,13.3,3.9
2009,03,17,3312,12.8,4.4
2009,03,18,3313,17.8,3.3
2009,03,19,3314,22.8,5.0
2009,03,20,3315,12.8,-3.9
2009,03,21,3316,3.3,-5.6
2009,03,22,3317,8.9,-5.0
2009,03,23,3318,14.4,-2.8
2009,03,24,3319,10.0,-3.3
2009,03,25,3320,12.8,-3.3
2009,03,26,3321,10.0,4.4
2009,03,27,3322,13.3,-1.1
2009,03,28,3323,15.0,-1.1
2009,03,29,3324,16.7,5.0
2009,03,30,3325,11.1,0.0
2009,03,31,3326,9.4,-2.2
2009,04,01,3327,21.7,-2.8
2009,04,02,3328,17.2,3.9
2009,04,03,3329,20.6,6.7
2009,04,04,3330,13.9,0.6
2009,04,05,3331,12.2,1.7
2009,04,06,3332,17.8,2.2
2009,04,07,3333,11.7,-2.2
2009,04,08,3334,1.7,-2.8
2009,04,09,3335,10.6,0.0
2009,04,10,3336,14.4,2.2
2009,04,11,3337,11.7,6.1
2009,04,12,3338,12.2,-2.2
2009,04,13,3339,10.0,-2.2
2009,04,14,3340,12.2,-0.6
2009,04,15,3341,12.8,6.1
2009,04,16,3342,8.3,1.1
2009,04,17,3343,16.7,0.6
2009,04,18,3344,20.0,3.9
2009,04,19,3345,22.2,9.4
2009,04,20,3346,19.4,8.3
2009,04,21,3347,12.8,4.4
2009,04,22,3348,12.8,3.9
2009,04,23,3349,10.6,2.8
2009,04,24,3350,15.6,2.8
2009,04,25,3351,28.9,8.3
2009,04,26,3352,30.0,18.3
2009,04,27,3353,30.0,18.9
2009,04,28,3354,30.0,18.9
2009,04,29,3355,27.2,10.6
2009,04,30,3356,16.1,9.4
2009,05,01,3357,19.4,10.0
2009,05,02,3358,22.2,9.4
2009,05,03,3359,15.6,6.1
2009,05,04,3360,16.1,10.0
2009,05,05,3361,12.2,7.8
2009,05,06,3362,15.0,8.3
2009,05,07,3363,18.9,9.4
2009,05,08,3364,20.6,10.0
2009,05,09,3365,20.6,7.2
2009,05,10,3366,22.2,6.1
2009,05,11,3367,16.1,3.3
2009,05,12,3368,16.1,3.3
2009,05,13,3369,17.2,3.3
2009,05,14,3370,22.8,2.8
2009,05,15,3371,22.8,11.1
2009,05,16,3372,25.6,9.4
2009,05,17,3373,24.4,3.3
2009,05,18,3374,13.3,1.7
2009,05,19,3375,15.6,0.6
2009,05,20,3376,22.8,2.2
2009,05,21,3377,27.8,9.4
2009,05,22,3378,27.8,12.8
2009,05,23,3379,27.8,15.0
2009,05,24,3380,28.3,16.1
2009,05,25,3381,26.7,15.6
2009,05,26,3382,26.7,13.9
2009,05,27,3383,20.6,13.3
2009,05,28,3384,26.7,13.9
2009,05,29,3385,27.2,15.0
2009,05,30,3386,20.0,12.8
2009,05,31,3387,21.7,12.2
2009,06,01,3388,18.9,3.3
2009,06,02,3389,23.9,1.1
2009,06,03,3390,26.7,15.0
2009,06,04,3391,15.6,9.4
2009,06,05,3392,17.2,7.2
2009,06,06,3393,17.2,5.0
2009,06,07,3394,24.4,5.0
2009,06,08,3395,26.1,11.1
2009,06,09,3396,27.2,15.6
2009,06,10,3397,28.3,15.0
2009,06,11,3398,22.8,10.6
2009,06,12,3399,21.1,7.8
2009,06,13,3400,20.6,8.9
2009,06,14,3401,23.3,8.9
2009,06,15,3402,23.9,5.6
2009,06,16,3403,25.6,5.6
2009,06,17,3404,26.7,12.8
2009,06,18,3405,23.3,10.0
2009,06,19,3406,21.7,12.8
2009,06,20,3407,26.1,5.6
2009,06,21,3408,26.7,16.7
2009,06,22,3409,23.3,7.2
2009,06,23,3410,26.1,7.8
2009,06,24,3411,24.4,9.4
2009,06,25,3412,26.7,9.4
2009,06,26,3413,30.6,13.3
2009,06,27,3414,26.1,9.4
2009,06,28,3415,23.3,5.6
2009,06,29,3416,25.6,11.1
2009,06,30,3417,25.6,11.1
2009,07,01,3418,21.7,10.6
2009,07,02,3419,22.8,11.1
2009,07,03,3420,18.9,5.6
2009,07,04,3421,20.6,10.0
2009,07,05,3422,20.6,8.9
2009,07,06,3423,24.4,3.3
2009,07,07,3424,25.6,10.6
2009,07,08,3425,25.6,10.6
2009,07,09,3426,23.3,11.7
2009,07,10,3427,26.7,13.3
2009,07,11,3428,28.3,15.6
2009,07,12,3429,27.8,17.8
2009,07,13,3430,26.7,14.4
2009,07,14,3431,24.4,11.1
2009,07,15,3432,25.6,12.8
2009,07,16,3433,28.9,13.9
2009,07,17,3434,30.0,18.3
2009,07,18,3435,22.8,13.3
2009,07,19,3436,20.0,12.2
2009,07,20,3437,23.3,8.9
2009,07,21,3438,22.8,12.8
2009,07,22,3439,25.0,13.9
2009,07,23,3440,25.6,14.4
2009,07,24,3441,23.3,16.7
2009,07,25,3442,26.1,16.1
2009,07,26,3443,26.1,16.7
2009,07,27,3444,26.7,16.7
2009,07,28,3445,27.2,17.2
2009,07,29,3446,28.9,13.9
2009,07,30,3447,22.8,18.9
2009,07,31,3448,26.7,18.3
2009,08,01,3449,26.1,16.7
2009,08,02,3450,27.8,15.6
2009,08,03,3451,26.1,13.3
2009,08,04,3452,25.6,11.7
2009,08,05,3453,27.2,16.1
2009,08,06,3454,22.2,9.4
2009,08,07,3455,23.9,13.3
2009,08,08,3456,25.6,13.3
2009,08,09,3457,26.1,17.2
2009,08,10,3458,31.1,22.2
2009,08,11,3459,31.1,17.8
2009,08,12,3460,28.3,17.2
2009,08,13,3461,25.0,16.7
2009,08,14,3462,27.8,16.7
2009,08,15,3463,30.0,16.7
2009,08,16,3464,30.0,17.8
2009,08,17,3465,31.1,18.9
2009,08,18,3466,31.7,18.9
2009,08,24,3472,29.4,12.8
2009,08,25,3473,25.0,12.8
2009,08,26,3474,27.8,13.3
2009,08,27,3475,27.8,11.1
2009,08,28,3476,26.7,11.7
2009,08,29,3477,22.2,14.4
2009,08,30,3478,25.6,12.8
2009,08,31,3479,21.1,8.9
2009,09,01,3480,20.6,8.3
2009,09,02,3481,21.7,7.8
2009,09,03,3482,23.9,7.8
2009,09,04,3483,24.4,9.4
2009,09,05,3484,26.1,11.1
2009,09,06,3485,26.1,12.8
2009,09,07,3486,26.7,12.8
2009,09,08,3487,18.9,16.7
2009,09,09,3488,23.3,14.4
2009,09,10,3489,23.3,12.8
2009,09,11,3490,22.2,10.0
2009,09,12,3491,20.0,10.0
2009,09,13,3492,18.9,10.6
2009,09,14,3493,23.3,9.4
2009,09,15,3494,26.1,9.4
2009,09,16,3495,25.6,13.3
2009,09,17,3496,22.2,11.1
2009,09,18,3497,25.0,10.6
2009,09,19,3498,23.9,10.6
2009,09,20,3499,22.8,8.3
2009,09,21,3500,27.8,11.7
2009,09,22,3501,22.8,16.7
2009,09,23,3502,23.3,11.1
2009,09,24,3503,26.7,13.3
2009,09,25,3504,23.3,12.8
2009,09,26,3505,20.0,11.1
2009,09,27,3506,14.4,8.9
2009,09,28,3507,18.3,8.3
2009,09,29,3508,17.8,6.7
2009,09,30,3509,12.2,10.0
2009,10,01,3510,12.2,1.1
2009,10,02,3511,15.0,1.7
2009,10,03,3512,13.9,8.3
2009,10,04,3513,18.9,8.9
2009,10,05,3514,13.9,6.7
2009,10,06,3515,16.7,-0.6
2009,10,07,3516,17.8,1.7
2009,10,08,3517,12.2,2.2
2009,10,09,3518,15.6,2.8
2009,10,12,3521,20.6,2.2
2009,10,13,3522,14.4,3.3
2009,10,14,3523,12.2,-3.9
2009,10,15,3524,5.0,0.6
2009,10,16,3525,5.6,2.2
2009,10,17,3526,3.3,1.7
2009,10,18,3527,2.2,1.1
2009,10,19,3528,7.8,-1.7
2009,10,20,3529,12.8,-1.1
2009,10,21,3530,17.8,6.1
2009,10,22,3531,20.6,8.9
2009,10,23,3532,21.1,9.4
2009,10,24,3533,17.8,12.2
2009,10,25,3534,14.4,-1.1
2009,10,26,3535,15.0,-0.6
2009,10,27,3536,18.9,1.1
2009,10,28,3537,15.0,4.4
2009,10,29,3538,13.3,9.4
2009,10,30,3539,11.7,7.8
2009,10,31,3540,22.8,10.0
2009,11,01,3541,20.6,-5.0
2009,11,02,3542,10.6,-9.4
2009,11,03,3543,13.9,-7.8
2009,11,04,3544,10.6,-4.4
2009,11,05,3545,6.7,-5.0
2009,11,06,3546,10.0,-5.0
2009,11,08,3547,19.4,-3.9
2009,11,09,3548,21.1,8.3
2009,11,10,3549,18.3,3.3
2009,11,11,3550,15.0,6.1
2009,11,12,3551,11.1,2.2
2009,11,13,3552,11.1,1.7
2009,11,14,3553,16.7,3.3
2009,11,15,3554,17.8,5.6
2009,11,16,3555,17.8,6.7
2009,11,17,3556,11.7,2.2
2009,11,18,3557,13.9,3.3
2009,11,19,3558,14.4,6.1
2009,11,20,3559,12.8,2.2
2009,11,22,3561,11.1,-1.1
2009,11,23,3562,11.1,1.1
2009,11,24,3563,10.6,3.3
2009,11,25,3564,12.8,6.7
2009,11,26,3565,12.2,5.0
2009,11,27,3566,8.9,-3.3
2009,11,28,3567,1.7,0.0
2009,11,29,3568,6.7,-0.6
2009,11,30,3569,16.1,1.7
2009,12,01,3570,8.9,-10.0
2009,12,02,3571,7.8,-3.3
2009,12,03,3572,12.8,1.1
2009,12,04,3573,7.8,1.1
2009,12,05,3574,2.8,-7.2
2009,12,06,3575,-2.2,-8.3
2009,12,07,3576,-1.1,-10.0
2009,12,08,3577,0.6,-5.6
2009,12,09,3578,5.0,-5.6
2009,12,10,3579,14.4,-5.6
2009,12,11,3580,-5.0,-10.0
2009,12,12,3581,-2.8,-10.0
2009,12,13,3582,3.3,-7.2
2009,12,14,3583,7.8,-1.7
2009,12,15,3584,10.6,-1.7
2009,12,16,3585,6.1,-6.7
2009,12,17,3586,-2.8,-11.7
2009,12,18,3587,-1.1,-9.4
2009,12,19,3588,2.8,-5.0
2009,12,20,3589,-3.9,-8.3
2009,12,21,3590,-2.2,-8.3
2009,12,22,3591,-1.1,-3.9
2009,12,23,3592,-1.1,-10.0
2009,12,24,3593,-3.3,-10.6
2009,12,25,3594,2.8,-11.1
2009,12,26,3595,6.1,0.0
2009,12,27,3596,5.0,-3.9
2009,12,28,3597,5.6,-8.3
2009,12,29,3598,-3.9,-10.6
2009,12,30,3599,-6.1,-14.4
2009,12,31,3600,1.1,-11.7
